Class,Image,Epsilon,Attack,Euclidean Distance,Cosine Similarity,Accuracy
9,N/A,N/A,Original,N/A,N/A,0.6000000238418579
9,0,0.001,FGSM,3.1563620567321777,0.7350013256072998,0.0
9,1,0.001,FGSM,1.9182275533676147,0.7802231311798096,0.0
9,2,0.001,FGSM,2.265991687774658,0.756668210029602,0.0
9,3,0.001,FGSM,2.228947162628174,0.797200083732605,0.0
9,4,0.001,FGSM,0.17358329892158508,0.9981287717819214,0.0
9,0,0.01,FGSM,3.181023359298706,0.7274348139762878,0.0
9,1,0.01,FGSM,1.9887043237686157,0.7883825302124023,0.0
9,2,0.01,FGSM,2.6485395431518555,0.7521083950996399,0.0
9,3,0.01,FGSM,2.1184487342834473,0.7983008623123169,0.0
9,4,0.01,FGSM,0.9083523154258728,0.9721813201904297,0.0
9,0,0.05,FGSM,3.1084258556365967,0.7329443693161011,0.0
9,1,0.05,FGSM,2.4788644313812256,0.7394979596138,0.0
9,2,0.05,FGSM,3.0300488471984863,0.7143033146858215,0.0
9,3,0.05,FGSM,1.9079843759536743,0.785768985748291,0.0
9,4,0.05,FGSM,2.5366601943969727,0.8338072896003723,0.0
9,0,0.1,FGSM,3.2135796546936035,0.7267004251480103,0.0
9,1,0.1,FGSM,2.9588403701782227,0.6893738508224487,0.0
9,2,0.1,FGSM,3.4636118412017822,0.6707590818405151,0.0
9,3,0.1,FGSM,1.8791844844818115,0.7730816602706909,0.0
9,4,0.1,FGSM,2.9510631561279297,0.7841284275054932,0.0
9,0,0.3,FGSM,3.357304573059082,0.6557468771934509,0.20000000298023224
9,1,0.3,FGSM,2.751190185546875,0.655610978603363,0.20000000298023224
9,2,0.3,FGSM,3.84222412109375,0.6278792023658752,0.20000000298023224
9,3,0.3,FGSM,3.144967794418335,0.40417975187301636,0.20000000298023224
9,4,0.3,FGSM,2.5310542583465576,0.7027726173400879,0.20000000298023224
9,0,0.5,FGSM,2.7795450687408447,0.5650055408477783,0.0
9,1,0.5,FGSM,3.109773635864258,0.7167779207229614,0.0
9,2,0.5,FGSM,3.5086891651153564,0.5715336203575134,0.0
9,3,0.5,FGSM,3.820378541946411,0.28234606981277466,0.0
9,4,0.5,FGSM,2.7205896377563477,0.5844932794570923,0.0
9,0,0.7,FGSM,2.7572762966156006,0.5573756694793701,0.0
9,1,0.7,FGSM,2.8578827381134033,0.687208354473114,0.0
9,2,0.7,FGSM,3.5820181369781494,0.5305123329162598,0.0
9,3,0.7,FGSM,3.74027943611145,0.24109655618667603,0.0
9,4,0.7,FGSM,3.2244272232055664,0.48504674434661865,0.0
9,0,1.0,FGSM,2.8397409915924072,0.5512655973434448,0.20000000298023224
9,1,1.0,FGSM,2.7462589740753174,0.6865323781967163,0.20000000298023224
9,2,1.0,FGSM,3.3323187828063965,0.39658844470977783,0.20000000298023224
9,3,1.0,FGSM,3.7815451622009277,0.21458102762699127,0.20000000298023224
9,4,1.0,FGSM,3.356334686279297,0.3670569062232971,0.20000000298023224
9,0,0.001,PGD,3.1636083126068115,0.7331479787826538,0.0
9,1,0.001,PGD,1.9127349853515625,0.7790062427520752,0.0
9,2,0.001,PGD,2.264820098876953,0.7560533285140991,0.0
9,3,0.001,PGD,2.2425808906555176,0.7951726317405701,0.0
9,4,0.001,PGD,0.05814032256603241,0.9997559785842896,0.0
9,0,0.01,PGD,3.1801772117614746,0.7263438701629639,0.0
9,1,0.01,PGD,2.006152629852295,0.786754310131073,0.0
9,2,0.01,PGD,2.5161993503570557,0.7602881193161011,0.0
9,3,0.01,PGD,2.128185510635376,0.7970819473266602,0.0
9,4,0.01,PGD,1.0957343578338623,0.9603652358055115,0.0
9,0,0.05,PGD,3.030048131942749,0.7444839477539062,0.0
9,1,0.05,PGD,2.6442348957061768,0.7391794323921204,0.0
9,2,0.05,PGD,2.9553611278533936,0.7269687652587891,0.0
9,3,0.05,PGD,2.1482129096984863,0.7861074805259705,0.0
9,4,0.05,PGD,2.906278610229492,0.8124571442604065,0.0
9,0,0.1,PGD,2.993908643722534,0.7358897924423218,0.0
9,1,0.1,PGD,3.196754217147827,0.6961331367492676,0.0
9,2,0.1,PGD,3.326421022415161,0.6827489733695984,0.0
9,3,0.1,PGD,2.177116632461548,0.7672477960586548,0.0
9,4,0.1,PGD,3.2195355892181396,0.7083510756492615,0.0
9,0,0.3,PGD,2.224367618560791,0.6620225310325623,0.20000000298023224
9,1,0.3,PGD,3.0898377895355225,0.2787652611732483,0.20000000298023224
9,2,0.3,PGD,3.187073230743408,0.6758877635002136,0.20000000298023224
9,3,0.3,PGD,3.608032703399658,0.2602653503417969,0.20000000298023224
9,4,0.3,PGD,3.9293384552001953,0.3966957926750183,0.20000000298023224
9,0,0.5,PGD,2.7728829383850098,0.4950755834579468,0.0
9,1,0.5,PGD,3.2183828353881836,0.16853056848049164,0.0
9,2,0.5,PGD,2.681082010269165,0.49942031502723694,0.0
9,3,0.5,PGD,3.380481481552124,0.24727952480316162,0.0
9,4,0.5,PGD,3.245706796646118,0.18788652122020721,0.0
9,0,0.7,PGD,3.4129605293273926,0.10749219357967377,0.0
9,1,0.7,PGD,3.045518398284912,0.12737052142620087,0.0
9,2,0.7,PGD,2.9464662075042725,0.3508838415145874,0.0
9,3,0.7,PGD,2.963481903076172,0.2561843693256378,0.0
9,4,0.7,PGD,3.2532994747161865,0.14109639823436737,0.0
9,0,1.0,PGD,3.283618450164795,0.1109318733215332,0.0
9,1,1.0,PGD,3.2359256744384766,0.14007370173931122,0.0
9,2,1.0,PGD,2.977781295776367,0.24015109241008759,0.0
9,3,1.0,PGD,3.2397923469543457,0.16381466388702393,0.0
9,4,1.0,PGD,3.2880136966705322,0.2267160415649414,0.0
9,0,0.001,C&W,3.143913745880127,0.7345827221870422,0.0
9,1,0.001,C&W,1.90712571144104,0.7819564938545227,0.0
9,2,0.001,C&W,2.28548264503479,0.749840259552002,0.0
9,3,0.001,C&W,2.2294297218322754,0.7953141927719116,0.0
9,4,0.001,C&W,0.05390226095914841,0.9998177289962769,0.0
9,0,0.01,C&W,3.143913745880127,0.7345827221870422,0.0
9,1,0.01,C&W,1.9118183851242065,0.7822573184967041,0.0
9,2,0.01,C&W,2.28548264503479,0.749840259552002,0.0
9,3,0.01,C&W,2.233264684677124,0.7954062819480896,0.0
9,4,0.01,C&W,0.10137676447629929,0.9992655515670776,0.0
9,0,0.05,C&W,3.143913745880127,0.7345827221870422,0.0
9,1,0.05,C&W,1.9472618103027344,0.7782641649246216,0.0
9,2,0.05,C&W,2.28548264503479,0.749840259552002,0.0
9,3,0.05,C&W,2.2272298336029053,0.7965837717056274,0.0
9,4,0.05,C&W,0.1448323130607605,0.998688817024231,0.0
9,0,0.1,C&W,3.143913745880127,0.7345827221870422,0.0
9,1,0.1,C&W,1.955202579498291,0.7831013202667236,0.0
9,2,0.1,C&W,2.28548264503479,0.749840259552002,0.0
9,3,0.1,C&W,2.243389129638672,0.7948486804962158,0.0
9,4,0.1,C&W,0.15879784524440765,0.9983795881271362,0.0
9,0,0.3,C&W,3.143913745880127,0.7345827221870422,0.0
9,1,0.3,C&W,1.9700881242752075,0.7803744077682495,0.0
9,2,0.3,C&W,2.28548264503479,0.749840259552002,0.0
9,3,0.3,C&W,2.2532284259796143,0.7952137589454651,0.0
9,4,0.3,C&W,0.4830020070075989,0.9908448457717896,0.0
9,0,0.5,C&W,3.143913745880127,0.7345827221870422,0.0
9,1,0.5,C&W,1.9617573022842407,0.7822134494781494,0.0
9,2,0.5,C&W,2.28548264503479,0.749840259552002,0.0
9,3,0.5,C&W,2.2562248706817627,0.7946032285690308,0.0
9,4,0.5,C&W,0.7185959219932556,0.9779906868934631,0.0
9,0,0.7,C&W,3.143913745880127,0.7345827221870422,0.0
9,1,0.7,C&W,1.9701563119888306,0.7810300588607788,0.0
9,2,0.7,C&W,2.28548264503479,0.749840259552002,0.0
9,3,0.7,C&W,2.2718915939331055,0.7931969165802002,0.0
9,4,0.7,C&W,0.9762225151062012,0.9577757120132446,0.0
9,0,1.0,C&W,3.143913745880127,0.7345827221870422,0.0
9,1,1.0,C&W,1.9725205898284912,0.7783868312835693,0.0
9,2,1.0,C&W,2.28548264503479,0.749840259552002,0.0
9,3,1.0,C&W,2.2343320846557617,0.7966693639755249,0.0
9,4,1.0,C&W,0.9636589884757996,0.9592819809913635,0.0
9,0,0.001,DeepFool,3.1439082622528076,0.7345840930938721,0.0
9,1,0.001,DeepFool,1.9154831171035767,0.7799714207649231,0.0
9,2,0.001,DeepFool,2.285475969314575,0.749840497970581,0.0
9,3,0.001,DeepFool,2.2190663814544678,0.7976970672607422,0.0
9,4,0.001,DeepFool,0.06465566158294678,0.999704897403717,0.0
9,0,0.01,DeepFool,3.1439082622528076,0.7345840930938721,0.0
9,1,0.01,DeepFool,1.971083402633667,0.7834948897361755,0.0
9,2,0.01,DeepFool,2.285475969314575,0.749840497970581,0.0
9,3,0.01,DeepFool,2.2318477630615234,0.7959924936294556,0.0
9,4,0.01,DeepFool,1.0479586124420166,0.9646573662757874,0.0
9,0,0.05,DeepFool,3.1439082622528076,0.7345840930938721,0.0
9,1,0.05,DeepFool,1.971083402633667,0.7834948897361755,0.0
9,2,0.05,DeepFool,2.285475969314575,0.749840497970581,0.0
9,3,0.05,DeepFool,2.2318477630615234,0.7959924936294556,0.0
9,4,0.05,DeepFool,1.765189290046692,0.913655161857605,0.0
9,0,0.1,DeepFool,3.1439082622528076,0.7345840930938721,0.0
9,1,0.1,DeepFool,1.971083402633667,0.7834948897361755,0.0
9,2,0.1,DeepFool,2.285475969314575,0.749840497970581,0.0
9,3,0.1,DeepFool,2.2318477630615234,0.7959924936294556,0.0
9,4,0.1,DeepFool,1.765189290046692,0.913655161857605,0.0
9,0,0.3,DeepFool,3.1439082622528076,0.7345840930938721,0.0
9,1,0.3,DeepFool,1.971083402633667,0.7834948897361755,0.0
9,2,0.3,DeepFool,2.285475969314575,0.749840497970581,0.0
9,3,0.3,DeepFool,2.2318477630615234,0.7959924936294556,0.0
9,4,0.3,DeepFool,1.765189290046692,0.913655161857605,0.0
9,0,0.5,DeepFool,3.1439082622528076,0.7345840930938721,0.0
9,1,0.5,DeepFool,1.971083402633667,0.7834948897361755,0.0
9,2,0.5,DeepFool,2.285475969314575,0.749840497970581,0.0
9,3,0.5,DeepFool,2.2318477630615234,0.7959924936294556,0.0
9,4,0.5,DeepFool,1.765189290046692,0.913655161857605,0.0
9,0,0.7,DeepFool,3.1439082622528076,0.7345840930938721,0.0
9,1,0.7,DeepFool,1.971083402633667,0.7834948897361755,0.0
9,2,0.7,DeepFool,2.285475969314575,0.749840497970581,0.0
9,3,0.7,DeepFool,2.2318477630615234,0.7959924936294556,0.0
9,4,0.7,DeepFool,1.765189290046692,0.913655161857605,0.0
9,0,1.0,DeepFool,3.1439082622528076,0.7345840930938721,0.0
9,1,1.0,DeepFool,1.971083402633667,0.7834948897361755,0.0
9,2,1.0,DeepFool,2.285475969314575,0.749840497970581,0.0
9,3,1.0,DeepFool,2.2318477630615234,0.7959924936294556,0.0
9,4,1.0,DeepFool,1.765189290046692,0.913655161857605,0.0
4,N/A,N/A,Original,N/A,N/A,0.3333333432674408
4,0,0.001,FGSM,2.519047975540161,0.743133544921875,0.0
4,1,0.001,FGSM,1.91294264793396,0.850846529006958,0.0
4,2,0.001,FGSM,0.07856107503175735,0.9998761415481567,0.0
4,0,0.01,FGSM,2.56217360496521,0.7319797277450562,0.0
4,1,0.01,FGSM,1.935457468032837,0.8468034863471985,0.0
4,2,0.01,FGSM,0.6424559354782104,0.9914734363555908,0.0
4,0,0.05,FGSM,2.62089467048645,0.7080931663513184,0.0
4,1,0.05,FGSM,1.8677865266799927,0.8550342321395874,0.0
4,2,0.05,FGSM,1.8192315101623535,0.9492453932762146,0.0
4,0,0.1,FGSM,2.672963857650757,0.6987875699996948,0.0
4,1,0.1,FGSM,1.8161237239837646,0.8674979209899902,0.0
4,2,0.1,FGSM,2.1066670417785645,0.9218631386756897,0.0
4,0,0.3,FGSM,2.573718786239624,0.7536032199859619,0.3333333432674408
4,1,0.3,FGSM,2.5100250244140625,0.8124992847442627,0.3333333432674408
4,2,0.3,FGSM,2.3375983238220215,0.851889967918396,0.3333333432674408
4,0,0.5,FGSM,2.5309455394744873,0.7944395542144775,0.0
4,1,0.5,FGSM,2.612312078475952,0.7961608171463013,0.0
4,2,0.5,FGSM,2.5177433490753174,0.796804666519165,0.0
4,0,0.7,FGSM,2.3964812755584717,0.7962124347686768,0.3333333432674408
4,1,0.7,FGSM,2.646933078765869,0.798107385635376,0.3333333432674408
4,2,0.7,FGSM,2.714886426925659,0.7971465587615967,0.3333333432674408
4,0,1.0,FGSM,2.4323055744171143,0.8060616850852966,0.3333333432674408
4,1,1.0,FGSM,2.8251051902770996,0.7868689298629761,0.3333333432674408
4,2,1.0,FGSM,2.4895384311676025,0.7575209140777588,0.3333333432674408
4,0,0.001,PGD,2.528351306915283,0.7438838481903076,0.0
4,1,0.001,PGD,1.8597036600112915,0.8592215776443481,0.0
4,2,0.001,PGD,0.07687263190746307,0.9998757839202881,0.0
4,0,0.01,PGD,2.593029499053955,0.7327558994293213,0.0
4,1,0.01,PGD,1.9507887363433838,0.841575026512146,0.0
4,2,0.01,PGD,0.5697163343429565,0.9928011298179626,0.0
4,0,0.05,PGD,2.686915397644043,0.7057842016220093,0.0
4,1,0.05,PGD,2.166675329208374,0.8175957798957825,0.0
4,2,0.05,PGD,1.528550148010254,0.9488340616226196,0.0
4,0,0.1,PGD,2.689980983734131,0.6884120106697083,0.0
4,1,0.1,PGD,2.7956976890563965,0.6604756712913513,0.0
4,2,0.1,PGD,2.652317523956299,0.8541334271430969,0.0
4,0,0.3,PGD,3.1432876586914062,0.6405004262924194,0.0
4,1,0.3,PGD,3.3999743461608887,0.5297040939331055,0.0
4,2,0.3,PGD,3.435816764831543,0.4131243824958801,0.0
4,0,0.5,PGD,2.2414214611053467,0.8162223100662231,0.0
4,1,0.5,PGD,3.4834721088409424,0.5518323183059692,0.0
4,2,0.5,PGD,3.4039251804351807,0.4555801749229431,0.0
4,0,0.7,PGD,2.66011905670166,0.7504908442497253,0.0
4,1,0.7,PGD,3.4280378818511963,0.4958593249320984,0.0
4,2,0.7,PGD,2.8030364513397217,0.7661372423171997,0.0
4,0,1.0,PGD,2.8661623001098633,0.6361403465270996,0.0
4,1,1.0,PGD,3.076536178588867,0.5803411602973938,0.0
4,2,1.0,PGD,2.7391252517700195,0.7364388108253479,0.0
4,0,0.001,C&W,2.5127038955688477,0.7457443475723267,0.0
4,1,0.001,C&W,1.8847858905792236,0.8528815507888794,0.0
4,2,0.001,C&W,0.0006027549388818443,0.9999999403953552,0.0
4,0,0.01,C&W,2.5127038955688477,0.7457443475723267,0.0
4,1,0.01,C&W,1.8847858905792236,0.8528815507888794,0.0
4,2,0.01,C&W,0.033558618277311325,0.9999593496322632,0.0
4,0,0.05,C&W,2.5127038955688477,0.7457443475723267,0.0
4,1,0.05,C&W,1.8847858905792236,0.8528815507888794,0.0
4,2,0.05,C&W,0.14541542530059814,0.9993890523910522,0.0
4,0,0.1,C&W,2.5127038955688477,0.7457443475723267,0.0
4,1,0.1,C&W,1.8847858905792236,0.8528815507888794,0.0
4,2,0.1,C&W,0.1780538558959961,0.9992154240608215,0.0
4,0,0.3,C&W,2.5127038955688477,0.7457443475723267,0.0
4,1,0.3,C&W,1.8847858905792236,0.8528815507888794,0.0
4,2,0.3,C&W,0.9414153099060059,0.9877493381500244,0.0
4,0,0.5,C&W,2.5127038955688477,0.7457443475723267,0.0
4,1,0.5,C&W,1.8847858905792236,0.8528815507888794,0.0
4,2,0.5,C&W,1.3023542165756226,0.9779862761497498,0.0
4,0,0.7,C&W,2.5127038955688477,0.7457443475723267,0.0
4,1,0.7,C&W,1.8847858905792236,0.8528815507888794,0.0
4,2,0.7,C&W,1.5497208833694458,0.9704434275627136,0.0
4,0,1.0,C&W,2.5127038955688477,0.7457443475723267,0.0
4,1,1.0,C&W,1.8847858905792236,0.8528815507888794,0.0
4,2,1.0,C&W,1.3819780349731445,0.9742125868797302,0.0
4,0,0.001,DeepFool,2.5136706829071045,0.7453085780143738,0.0
4,1,0.001,DeepFool,1.8741368055343628,0.8550759553909302,0.0
4,2,0.001,DeepFool,0.0783214420080185,0.999875545501709,0.0
4,0,0.01,DeepFool,2.5136706829071045,0.7453085780143738,0.0
4,1,0.01,DeepFool,1.8741368055343628,0.8550759553909302,0.0
4,2,0.01,DeepFool,0.746815025806427,0.991326093673706,0.0
4,0,0.05,DeepFool,2.5136706829071045,0.7453085780143738,0.0
4,1,0.05,DeepFool,1.8741368055343628,0.8550759553909302,0.0
4,2,0.05,DeepFool,1.456856369972229,0.9676346182823181,0.0
4,0,0.1,DeepFool,2.5136706829071045,0.7453085780143738,0.0
4,1,0.1,DeepFool,1.8741368055343628,0.8550759553909302,0.0
4,2,0.1,DeepFool,1.456856369972229,0.9676346182823181,0.0
4,0,0.3,DeepFool,2.5136706829071045,0.7453085780143738,0.0
4,1,0.3,DeepFool,1.8741368055343628,0.8550759553909302,0.0
4,2,0.3,DeepFool,1.456856369972229,0.9676346182823181,0.0
4,0,0.5,DeepFool,2.5136706829071045,0.7453085780143738,0.0
4,1,0.5,DeepFool,1.8741368055343628,0.8550759553909302,0.0
4,2,0.5,DeepFool,1.456856369972229,0.9676346182823181,0.0
4,0,0.7,DeepFool,2.5136706829071045,0.7453085780143738,0.0
4,1,0.7,DeepFool,1.8741368055343628,0.8550759553909302,0.0
4,2,0.7,DeepFool,1.456856369972229,0.9676346182823181,0.0
4,0,1.0,DeepFool,2.5136706829071045,0.7453085780143738,0.0
4,1,1.0,DeepFool,1.8741368055343628,0.8550759553909302,0.0
4,2,1.0,DeepFool,1.456856369972229,0.9676346182823181,0.0
6,N/A,N/A,Original,N/A,N/A,0.5454545617103577
6,0,0.001,FGSM,3.4535763263702393,0.6836761832237244,0.27272728085517883
6,1,0.001,FGSM,2.2027037143707275,0.8896991014480591,0.27272728085517883
6,2,0.001,FGSM,2.797820568084717,0.822418212890625,0.27272728085517883
6,3,0.001,FGSM,3.9529495239257812,0.5270776748657227,0.27272728085517883
6,4,0.001,FGSM,3.221266746520996,0.731709361076355,0.27272728085517883
6,0,0.01,FGSM,3.4153640270233154,0.7011642456054688,0.27272728085517883
6,1,0.01,FGSM,2.2064223289489746,0.8877629041671753,0.27272728085517883
6,2,0.01,FGSM,2.6763973236083984,0.8373238444328308,0.27272728085517883
6,3,0.01,FGSM,3.662431478500366,0.6178377866744995,0.27272728085517883
6,4,0.01,FGSM,3.2522377967834473,0.7228125333786011,0.27272728085517883
6,0,0.05,FGSM,3.4798567295074463,0.7056671977043152,0.27272728085517883
6,1,0.05,FGSM,2.0730631351470947,0.9004844427108765,0.27272728085517883
6,2,0.05,FGSM,2.8006556034088135,0.8344107866287231,0.27272728085517883
6,3,0.05,FGSM,2.9300894737243652,0.7889913320541382,0.27272728085517883
6,4,0.05,FGSM,3.417738199234009,0.6875244975090027,0.27272728085517883
6,0,0.1,FGSM,3.5165603160858154,0.6891989707946777,0.1818181872367859
6,1,0.1,FGSM,1.9570392370224,0.9115047454833984,0.1818181872367859
6,2,0.1,FGSM,2.8175902366638184,0.801729142665863,0.1818181872367859
6,3,0.1,FGSM,2.5486643314361572,0.8416659832000732,0.1818181872367859
6,4,0.1,FGSM,3.557766914367676,0.6631579399108887,0.1818181872367859
6,0,0.3,FGSM,2.046879291534424,0.9043312668800354,0.1818181872367859
6,1,0.3,FGSM,1.9797195196151733,0.9106375575065613,0.1818181872367859
6,2,0.3,FGSM,2.404508352279663,0.8551561236381531,0.1818181872367859
6,3,0.3,FGSM,2.173628807067871,0.8857171535491943,0.1818181872367859
6,4,0.3,FGSM,3.257585287094116,0.7222909927368164,0.1818181872367859
6,0,0.5,FGSM,2.2375829219818115,0.8825801014900208,0.09090909361839294
6,1,0.5,FGSM,1.8709700107574463,0.9187382459640503,0.09090909361839294
6,2,0.5,FGSM,2.3048901557922363,0.8674987554550171,0.09090909361839294
6,3,0.5,FGSM,2.06946063041687,0.8961153626441956,0.09090909361839294
6,4,0.5,FGSM,3.2278778553009033,0.7174676656723022,0.09090909361839294
6,0,0.7,FGSM,2.4356086254119873,0.8694398403167725,0.09090909361839294
6,1,0.7,FGSM,1.78619384765625,0.9251676797866821,0.09090909361839294
6,2,0.7,FGSM,2.486417055130005,0.8525071144104004,0.09090909361839294
6,3,0.7,FGSM,2.037259578704834,0.9014813303947449,0.09090909361839294
6,4,0.7,FGSM,3.338006019592285,0.6940964460372925,0.09090909361839294
6,0,1.0,FGSM,2.5563337802886963,0.8563401699066162,0.09090909361839294
6,1,1.0,FGSM,1.8036175966262817,0.9288886189460754,0.09090909361839294
6,2,1.0,FGSM,2.4123384952545166,0.8550213575363159,0.09090909361839294
6,3,1.0,FGSM,2.016105890274048,0.9036730527877808,0.09090909361839294
6,4,1.0,FGSM,3.6350319385528564,0.6204086542129517,0.09090909361839294
6,0,0.001,PGD,3.4531373977661133,0.6839156150817871,0.27272728085517883
6,1,0.001,PGD,2.2058260440826416,0.8899174928665161,0.27272728085517883
6,2,0.001,PGD,2.8025522232055664,0.8225317001342773,0.27272728085517883
6,3,0.001,PGD,3.965900421142578,0.5220526456832886,0.27272728085517883
6,4,0.001,PGD,3.208390474319458,0.7337274551391602,0.27272728085517883
6,0,0.01,PGD,3.4194767475128174,0.7033772468566895,0.27272728085517883
6,1,0.01,PGD,2.1651415824890137,0.8908034563064575,0.27272728085517883
6,2,0.01,PGD,2.7315402030944824,0.8247700333595276,0.27272728085517883
6,3,0.01,PGD,3.6013922691345215,0.6327203512191772,0.27272728085517883
6,4,0.01,PGD,3.267885446548462,0.7224619388580322,0.27272728085517883
6,0,0.05,PGD,3.467515707015991,0.7210845351219177,0.27272728085517883
6,1,0.05,PGD,2.038165807723999,0.899511456489563,0.27272728085517883
6,2,0.05,PGD,2.883234977722168,0.8017637133598328,0.27272728085517883
6,3,0.05,PGD,2.9087753295898438,0.7784837484359741,0.27272728085517883
6,4,0.05,PGD,3.5091848373413086,0.658537745475769,0.27272728085517883
6,0,0.1,PGD,3.6434600353240967,0.6676938533782959,0.27272728085517883
6,1,0.1,PGD,2.0794003009796143,0.8956047296524048,0.27272728085517883
6,2,0.1,PGD,2.6110777854919434,0.826145350933075,0.27272728085517883
6,3,0.1,PGD,3.072089433670044,0.7498608827590942,0.27272728085517883
6,4,0.1,PGD,4.044766426086426,0.5020564794540405,0.27272728085517883
6,0,0.3,PGD,4.68634033203125,0.284277081489563,0.27272728085517883
6,1,0.3,PGD,3.3893344402313232,0.6827946305274963,0.27272728085517883
6,2,0.3,PGD,3.0102505683898926,0.7642187476158142,0.27272728085517883
6,3,0.3,PGD,2.767594337463379,0.8045363426208496,0.27272728085517883
6,4,0.3,PGD,4.07316780090332,0.5129827260971069,0.27272728085517883
6,0,0.5,PGD,4.576674938201904,0.2654639184474945,0.1818181872367859
6,1,0.5,PGD,3.787360906600952,0.5816948413848877,0.1818181872367859
6,2,0.5,PGD,3.0795400142669678,0.754342257976532,0.1818181872367859
6,3,0.5,PGD,2.976231813430786,0.7907577753067017,0.1818181872367859
6,4,0.5,PGD,4.380965709686279,0.3710075318813324,0.1818181872367859
6,0,0.7,PGD,4.574435234069824,0.23703274130821228,0.1818181872367859
6,1,0.7,PGD,3.3812196254730225,0.696223258972168,0.1818181872367859
6,2,0.7,PGD,3.752992630004883,0.5864217877388,0.1818181872367859
6,3,0.7,PGD,3.958676338195801,0.5414597392082214,0.1818181872367859
6,4,0.7,PGD,3.3767969608306885,0.6846855878829956,0.1818181872367859
6,0,1.0,PGD,3.930285930633545,0.5461111068725586,0.1818181872367859
6,1,1.0,PGD,4.3646135330200195,0.45501264929771423,0.1818181872367859
6,2,1.0,PGD,3.542114496231079,0.6478523015975952,0.1818181872367859
6,3,1.0,PGD,4.018332481384277,0.5394594669342041,0.1818181872367859
6,4,1.0,PGD,3.6983518600463867,0.6169593334197998,0.1818181872367859
6,0,0.001,C&W,3.470365047454834,0.6783633232116699,0.1818181872367859
6,1,0.001,C&W,2.187603235244751,0.8889920115470886,0.1818181872367859
6,2,0.001,C&W,2.836132526397705,0.8211337327957153,0.1818181872367859
6,3,0.001,C&W,3.950904607772827,0.5282430052757263,0.1818181872367859
6,4,0.001,C&W,3.209399700164795,0.7336500883102417,0.1818181872367859
6,0,0.01,C&W,3.471217155456543,0.6781917810440063,0.27272728085517883
6,1,0.01,C&W,2.1871416568756104,0.8900300860404968,0.27272728085517883
6,2,0.01,C&W,2.8254947662353516,0.8200274109840393,0.27272728085517883
6,3,0.01,C&W,3.9659979343414307,0.5227856636047363,0.27272728085517883
6,4,0.01,C&W,3.209399700164795,0.7336500883102417,0.27272728085517883
6,0,0.05,C&W,3.4709482192993164,0.6782628297805786,0.27272728085517883
6,1,0.05,C&W,2.1870522499084473,0.8900327086448669,0.27272728085517883
6,2,0.05,C&W,2.8563623428344727,0.81456458568573,0.27272728085517883
6,3,0.05,C&W,3.964052438735962,0.5232797265052795,0.27272728085517883
6,4,0.05,C&W,3.209399700164795,0.7336500883102417,0.27272728085517883
6,0,0.1,C&W,3.471135377883911,0.6781817674636841,0.3636363744735718
6,1,0.1,C&W,2.1870760917663574,0.8900309205055237,0.3636363744735718
6,2,0.1,C&W,2.812361001968384,0.8177046775817871,0.3636363744735718
6,3,0.1,C&W,3.9737110137939453,0.518231987953186,0.3636363744735718
6,4,0.1,C&W,3.209399700164795,0.7336500883102417,0.3636363744735718
6,0,0.3,C&W,3.4703011512756348,0.6784544587135315,0.27272728085517883
6,1,0.3,C&W,2.1871297359466553,0.8900309801101685,0.27272728085517883
6,2,0.3,C&W,2.823899745941162,0.8173888921737671,0.27272728085517883
6,3,0.3,C&W,3.4821205139160156,0.6659706830978394,0.27272728085517883
6,4,0.3,C&W,3.209399700164795,0.7336500883102417,0.27272728085517883
6,0,0.5,C&W,3.4711413383483887,0.6781818270683289,0.27272728085517883
6,1,0.5,C&W,2.1870741844177246,0.8900311589241028,0.27272728085517883
6,2,0.5,C&W,2.8156707286834717,0.8182415962219238,0.27272728085517883
6,3,0.5,C&W,3.3178529739379883,0.7065750956535339,0.27272728085517883
6,4,0.5,C&W,3.209399700164795,0.7336500883102417,0.27272728085517883
6,0,0.7,C&W,3.470008373260498,0.6785203814506531,0.27272728085517883
6,1,0.7,C&W,2.187093734741211,0.8900328874588013,0.27272728085517883
6,2,0.7,C&W,2.8235154151916504,0.8174434900283813,0.27272728085517883
6,3,0.7,C&W,3.3374266624450684,0.699420690536499,0.27272728085517883
6,4,0.7,C&W,3.209399700164795,0.7336500883102417,0.27272728085517883
6,0,1.0,C&W,3.471217155456543,0.6781917810440063,0.27272728085517883
6,1,1.0,C&W,2.1871116161346436,0.8900283575057983,0.27272728085517883
6,2,1.0,C&W,2.8155875205993652,0.8182142972946167,0.27272728085517883
6,3,1.0,C&W,3.2473576068878174,0.7199908494949341,0.27272728085517883
6,4,1.0,C&W,3.209399700164795,0.7336500883102417,0.27272728085517883
6,0,0.001,DeepFool,3.469844102859497,0.6785033941268921,0.27272728085517883
6,1,0.001,DeepFool,2.190919876098633,0.8892349600791931,0.27272728085517883
6,2,0.001,DeepFool,2.8087432384490967,0.8223468065261841,0.27272728085517883
6,3,0.001,DeepFool,4.001514434814453,0.50813227891922,0.27272728085517883
6,4,0.001,DeepFool,3.2094104290008545,0.7336477637290955,0.27272728085517883
6,0,0.01,DeepFool,3.469844102859497,0.6785033941268921,0.27272728085517883
6,1,0.01,DeepFool,2.190919876098633,0.8892349600791931,0.27272728085517883
6,2,0.01,DeepFool,2.821852684020996,0.8186433911323547,0.27272728085517883
6,3,0.01,DeepFool,3.634920597076416,0.6275986433029175,0.27272728085517883
6,4,0.01,DeepFool,3.2094104290008545,0.7336477637290955,0.27272728085517883
6,0,0.05,DeepFool,3.469844102859497,0.6785033941268921,0.27272728085517883
6,1,0.05,DeepFool,2.190919876098633,0.8892349600791931,0.27272728085517883
6,2,0.05,DeepFool,2.821852684020996,0.8186433911323547,0.27272728085517883
6,3,0.05,DeepFool,3.09488582611084,0.7546781897544861,0.27272728085517883
6,4,0.05,DeepFool,3.2094104290008545,0.7336477637290955,0.27272728085517883
6,0,0.1,DeepFool,3.469844102859497,0.6785033941268921,0.27272728085517883
6,1,0.1,DeepFool,2.190919876098633,0.8892349600791931,0.27272728085517883
6,2,0.1,DeepFool,2.821852684020996,0.8186433911323547,0.27272728085517883
6,3,0.1,DeepFool,3.09488582611084,0.7546781897544861,0.27272728085517883
6,4,0.1,DeepFool,3.2094104290008545,0.7336477637290955,0.27272728085517883
6,0,0.3,DeepFool,3.469844102859497,0.6785033941268921,0.27272728085517883
6,1,0.3,DeepFool,2.190919876098633,0.8892349600791931,0.27272728085517883
6,2,0.3,DeepFool,2.821852684020996,0.8186433911323547,0.27272728085517883
6,3,0.3,DeepFool,3.09488582611084,0.7546781897544861,0.27272728085517883
6,4,0.3,DeepFool,3.2094104290008545,0.7336477637290955,0.27272728085517883
6,0,0.5,DeepFool,3.469844102859497,0.6785033941268921,0.27272728085517883
6,1,0.5,DeepFool,2.190919876098633,0.8892349600791931,0.27272728085517883
6,2,0.5,DeepFool,2.821852684020996,0.8186433911323547,0.27272728085517883
6,3,0.5,DeepFool,3.09488582611084,0.7546781897544861,0.27272728085517883
6,4,0.5,DeepFool,3.2094104290008545,0.7336477637290955,0.27272728085517883
6,0,0.7,DeepFool,3.469844102859497,0.6785033941268921,0.27272728085517883
6,1,0.7,DeepFool,2.190919876098633,0.8892349600791931,0.27272728085517883
6,2,0.7,DeepFool,2.821852684020996,0.8186433911323547,0.27272728085517883
6,3,0.7,DeepFool,3.09488582611084,0.7546781897544861,0.27272728085517883
6,4,0.7,DeepFool,3.2094104290008545,0.7336477637290955,0.27272728085517883
6,0,1.0,DeepFool,3.469844102859497,0.6785033941268921,0.27272728085517883
6,1,1.0,DeepFool,2.190919876098633,0.8892349600791931,0.27272728085517883
6,2,1.0,DeepFool,2.821852684020996,0.8186433911323547,0.27272728085517883
6,3,1.0,DeepFool,3.09488582611084,0.7546781897544861,0.27272728085517883
6,4,1.0,DeepFool,3.2094104290008545,0.7336477637290955,0.27272728085517883
2,N/A,N/A,Original,N/A,N/A,0.5454545617103577
2,0,0.001,FGSM,2.6467368602752686,0.6133766174316406,0.09090909361839294
2,1,0.001,FGSM,2.292019844055176,0.6226711273193359,0.09090909361839294
2,2,0.001,FGSM,2.926543951034546,0.6284151077270508,0.09090909361839294
2,3,0.001,FGSM,3.4030508995056152,0.7614290714263916,0.09090909361839294
2,4,0.001,FGSM,3.0274546146392822,0.3499777019023895,0.09090909361839294
2,0,0.01,FGSM,2.6911182403564453,0.6441424489021301,0.09090909361839294
2,1,0.01,FGSM,2.324408769607544,0.6448817253112793,0.09090909361839294
2,2,0.01,FGSM,3.2837252616882324,0.6327371001243591,0.09090909361839294
2,3,0.01,FGSM,3.213254928588867,0.7719575762748718,0.09090909361839294
2,4,0.01,FGSM,3.212876081466675,0.471305251121521,0.09090909361839294
2,0,0.05,FGSM,2.594984769821167,0.6656703948974609,0.09090909361839294
2,1,0.05,FGSM,2.647709369659424,0.6997566819190979,0.09090909361839294
2,2,0.05,FGSM,4.047398090362549,0.63056480884552,0.09090909361839294
2,3,0.05,FGSM,3.1195528507232666,0.7781882286071777,0.09090909361839294
2,4,0.05,FGSM,3.372936964035034,0.5920373201370239,0.09090909361839294
2,0,0.1,FGSM,3.0122783184051514,0.6912230253219604,0.1818181872367859
2,1,0.1,FGSM,2.7135441303253174,0.703900933265686,0.1818181872367859
2,2,0.1,FGSM,4.098244667053223,0.6127648949623108,0.1818181872367859
2,3,0.1,FGSM,2.756220579147339,0.7057603597640991,0.1818181872367859
2,4,0.1,FGSM,3.760887861251831,0.668475329875946,0.1818181872367859
2,0,0.3,FGSM,3.337474822998047,0.6246768236160278,0.09090909361839294
2,1,0.3,FGSM,2.766411781311035,0.6348329782485962,0.09090909361839294
2,2,0.3,FGSM,2.6113550662994385,0.5671302080154419,0.09090909361839294
2,3,0.3,FGSM,3.192859411239624,0.7700944542884827,0.09090909361839294
2,4,0.3,FGSM,2.7563161849975586,0.64002925157547,0.09090909361839294
2,0,0.5,FGSM,3.2364954948425293,0.6058779954910278,0.09090909361839294
2,1,0.5,FGSM,2.8333146572113037,0.5265696048736572,0.09090909361839294
2,2,0.5,FGSM,2.609437942504883,0.6566047072410583,0.09090909361839294
2,3,0.5,FGSM,2.8997180461883545,0.7495741844177246,0.09090909361839294
2,4,0.5,FGSM,2.723749876022339,0.6739263534545898,0.09090909361839294
2,0,0.7,FGSM,3.4816079139709473,0.565069854259491,0.09090909361839294
2,1,0.7,FGSM,2.946964740753174,0.5198790431022644,0.09090909361839294
2,2,0.7,FGSM,2.8217833042144775,0.6655867099761963,0.09090909361839294
2,3,0.7,FGSM,3.0765979290008545,0.7540415525436401,0.09090909361839294
2,4,0.7,FGSM,2.8596243858337402,0.6909152269363403,0.09090909361839294
2,0,1.0,FGSM,3.407952308654785,0.5612946152687073,0.09090909361839294
2,1,1.0,FGSM,3.0046708583831787,0.4745056629180908,0.09090909361839294
2,2,1.0,FGSM,2.982469081878662,0.6335545778274536,0.09090909361839294
2,3,1.0,FGSM,3.297685146331787,0.7673774361610413,0.09090909361839294
2,4,1.0,FGSM,3.27484130859375,0.6860485076904297,0.09090909361839294
2,0,0.001,PGD,2.6515450477600098,0.612934947013855,0.09090909361839294
2,1,0.001,PGD,2.287522077560425,0.6243519186973572,0.09090909361839294
2,2,0.001,PGD,2.926626443862915,0.62835693359375,0.09090909361839294
2,3,0.001,PGD,3.405452013015747,0.761398434638977,0.09090909361839294
2,4,0.001,PGD,3.027435064315796,0.34972065687179565,0.09090909361839294
2,0,0.01,PGD,2.6672253608703613,0.6472167372703552,0.09090909361839294
2,1,0.01,PGD,2.2966012954711914,0.6385453939437866,0.09090909361839294
2,2,0.01,PGD,3.324798822402954,0.6334334015846252,0.09090909361839294
2,3,0.01,PGD,3.344141960144043,0.7716342806816101,0.09090909361839294
2,4,0.01,PGD,3.1835501194000244,0.45777320861816406,0.09090909361839294
2,0,0.05,PGD,2.6870923042297363,0.6513882875442505,0.09090909361839294
2,1,0.05,PGD,2.6685969829559326,0.7072598934173584,0.09090909361839294
2,2,0.05,PGD,4.100386619567871,0.6353667378425598,0.09090909361839294
2,3,0.05,PGD,2.8275070190429688,0.772117018699646,0.09090909361839294
2,4,0.05,PGD,3.436288833618164,0.6112847328186035,0.09090909361839294
2,0,0.1,PGD,2.625650405883789,0.6495358943939209,0.09090909361839294
2,1,0.1,PGD,2.527379274368286,0.7412397861480713,0.09090909361839294
2,2,0.1,PGD,3.928257703781128,0.5987776517868042,0.09090909361839294
2,3,0.1,PGD,2.3895468711853027,0.7181991338729858,0.09090909361839294
2,4,0.1,PGD,3.3324179649353027,0.6247731447219849,0.09090909361839294
2,0,0.3,PGD,2.418548345565796,0.6974081993103027,0.09090909361839294
2,1,0.3,PGD,2.6278228759765625,0.6365765333175659,0.09090909361839294
2,2,0.3,PGD,3.5901620388031006,0.4979459345340729,0.09090909361839294
2,3,0.3,PGD,2.9736204147338867,0.4055614471435547,0.09090909361839294
2,4,0.3,PGD,3.391155242919922,0.5949109792709351,0.09090909361839294
2,0,0.5,PGD,3.0212721824645996,0.5381965637207031,0.09090909361839294
2,1,0.5,PGD,2.4184842109680176,0.703067421913147,0.09090909361839294
2,2,0.5,PGD,3.3764004707336426,0.5096470713615417,0.09090909361839294
2,3,0.5,PGD,2.3842015266418457,0.6189446449279785,0.09090909361839294
2,4,0.5,PGD,2.5764293670654297,0.655697762966156,0.09090909361839294
2,0,0.7,PGD,2.4916186332702637,0.6387678384780884,0.1818181872367859
2,1,0.7,PGD,2.619296073913574,0.6290357708930969,0.1818181872367859
2,2,0.7,PGD,3.6035547256469727,0.5167245268821716,0.1818181872367859
2,3,0.7,PGD,2.847419023513794,0.5072149038314819,0.1818181872367859
2,4,0.7,PGD,2.6311776638031006,0.6910836696624756,0.1818181872367859
2,0,1.0,PGD,3.583298921585083,0.6178297400474548,0.09090909361839294
2,1,1.0,PGD,2.55268931388855,0.7228114008903503,0.09090909361839294
2,2,1.0,PGD,2.8262553215026855,0.6386700868606567,0.09090909361839294
2,3,1.0,PGD,3.750444173812866,0.42170250415802,0.09090909361839294
2,4,1.0,PGD,2.60103702545166,0.6960945129394531,0.09090909361839294
2,0,0.001,C&W,2.678077459335327,0.6115832328796387,0.1818181872367859
2,1,0.001,C&W,2.2926177978515625,0.6217668056488037,0.1818181872367859
2,2,0.001,C&W,2.918227434158325,0.6278589963912964,0.1818181872367859
2,3,0.001,C&W,3.3172011375427246,0.7610522508621216,0.1818181872367859
2,4,0.001,C&W,3.0040931701660156,0.3210621774196625,0.1818181872367859
2,0,0.01,C&W,2.678077459335327,0.6115832328796387,0.09090909361839294
2,1,0.01,C&W,2.293917655944824,0.6214392185211182,0.09090909361839294
2,2,0.01,C&W,2.9229087829589844,0.6284667253494263,0.09090909361839294
2,3,0.01,C&W,3.2990686893463135,0.7613439559936523,0.09090909361839294
2,4,0.01,C&W,3.0066452026367188,0.3209626078605652,0.09090909361839294
2,0,0.05,C&W,2.678077459335327,0.6115832328796387,0.09090909361839294
2,1,0.05,C&W,2.2933826446533203,0.6254028081893921,0.09090909361839294
2,2,0.05,C&W,2.928546905517578,0.6274738907814026,0.09090909361839294
2,3,0.05,C&W,3.2986960411071777,0.7621158361434937,0.09090909361839294
2,4,0.05,C&W,3.051677942276001,0.35556697845458984,0.09090909361839294
2,0,0.1,C&W,2.678077459335327,0.6115832328796387,0.09090909361839294
2,1,0.1,C&W,2.3048830032348633,0.6307510733604431,0.09090909361839294
2,2,0.1,C&W,3.076012134552002,0.633821964263916,0.09090909361839294
2,3,0.1,C&W,3.2986536026000977,0.7621140480041504,0.09090909361839294
2,4,0.1,C&W,3.1100099086761475,0.3589751124382019,0.09090909361839294
2,0,0.3,C&W,2.678077459335327,0.6115832328796387,0.09090909361839294
2,1,0.3,C&W,2.329789161682129,0.6457088589668274,0.09090909361839294
2,2,0.3,C&W,3.472327709197998,0.6420391798019409,0.09090909361839294
2,3,0.3,C&W,3.298717498779297,0.7621145248413086,0.09090909361839294
2,4,0.3,C&W,3.183537244796753,0.48190903663635254,0.09090909361839294
2,0,0.5,C&W,2.678077459335327,0.6115832328796387,0.09090909361839294
2,1,0.5,C&W,2.322871685028076,0.6466962099075317,0.09090909361839294
2,2,0.5,C&W,3.5073204040527344,0.6379648447036743,0.09090909361839294
2,3,0.5,C&W,3.2987289428710938,0.7621156573295593,0.09090909361839294
2,4,0.5,C&W,3.2400810718536377,0.5098548531532288,0.09090909361839294
2,0,0.7,C&W,2.678077459335327,0.6115832328796387,0.09090909361839294
2,1,0.7,C&W,2.322361946105957,0.6469426155090332,0.09090909361839294
2,2,0.7,C&W,3.5089433193206787,0.6380017995834351,0.09090909361839294
2,3,0.7,C&W,3.298884153366089,0.7621123790740967,0.09090909361839294
2,4,0.7,C&W,3.1341230869293213,0.5021864771842957,0.09090909361839294
2,0,1.0,C&W,2.678077459335327,0.6115832328796387,0.09090909361839294
2,1,1.0,C&W,2.322815179824829,0.6469526886940002,0.09090909361839294
2,2,1.0,C&W,3.5419445037841797,0.6358184814453125,0.09090909361839294
2,3,1.0,C&W,3.2991302013397217,0.761359453201294,0.09090909361839294
2,4,1.0,C&W,3.179867744445801,0.49599212408065796,0.09090909361839294
2,0,0.001,DeepFool,2.677609920501709,0.6112440228462219,0.09090909361839294
2,1,0.001,DeepFool,2.292019844055176,0.6226711273193359,0.09090909361839294
2,2,0.001,DeepFool,2.9278066158294678,0.6283506155014038,0.09090909361839294
2,3,0.001,DeepFool,3.3125743865966797,0.7624850273132324,0.09090909361839294
2,4,0.001,DeepFool,3.025324821472168,0.34454333782196045,0.09090909361839294
2,0,0.01,DeepFool,2.677609920501709,0.6112440228462219,0.09090909361839294
2,1,0.01,DeepFool,2.3220932483673096,0.6460384726524353,0.09090909361839294
2,2,0.01,DeepFool,3.3206732273101807,0.6346135139465332,0.09090909361839294
2,3,0.01,DeepFool,3.3125743865966797,0.7624850273132324,0.09090909361839294
2,4,0.01,DeepFool,3.187018632888794,0.4343097507953644,0.09090909361839294
2,0,0.05,DeepFool,2.677609920501709,0.6112440228462219,0.09090909361839294
2,1,0.05,DeepFool,2.340651273727417,0.6547838449478149,0.09090909361839294
2,2,0.05,DeepFool,3.5976576805114746,0.6346713304519653,0.09090909361839294
2,3,0.05,DeepFool,3.3125743865966797,0.7624850273132324,0.09090909361839294
2,4,0.05,DeepFool,3.410151243209839,0.6078715324401855,0.09090909361839294
2,0,0.1,DeepFool,2.677609920501709,0.6112440228462219,0.09090909361839294
2,1,0.1,DeepFool,2.340651273727417,0.6547838449478149,0.09090909361839294
2,2,0.1,DeepFool,3.5976576805114746,0.6346713304519653,0.09090909361839294
2,3,0.1,DeepFool,3.3125743865966797,0.7624850273132324,0.09090909361839294
2,4,0.1,DeepFool,3.3743622303009033,0.6141033172607422,0.09090909361839294
2,0,0.3,DeepFool,2.677609920501709,0.6112440228462219,0.09090909361839294
2,1,0.3,DeepFool,2.340651273727417,0.6547838449478149,0.09090909361839294
2,2,0.3,DeepFool,3.5976576805114746,0.6346713304519653,0.09090909361839294
2,3,0.3,DeepFool,3.3125743865966797,0.7624850273132324,0.09090909361839294
2,4,0.3,DeepFool,3.3743622303009033,0.6141033172607422,0.09090909361839294
2,0,0.5,DeepFool,2.677609920501709,0.6112440228462219,0.09090909361839294
2,1,0.5,DeepFool,2.340651273727417,0.6547838449478149,0.09090909361839294
2,2,0.5,DeepFool,3.5976576805114746,0.6346713304519653,0.09090909361839294
2,3,0.5,DeepFool,3.3125743865966797,0.7624850273132324,0.09090909361839294
2,4,0.5,DeepFool,3.3743622303009033,0.6141033172607422,0.09090909361839294
2,0,0.7,DeepFool,2.677609920501709,0.6112440228462219,0.09090909361839294
2,1,0.7,DeepFool,2.340651273727417,0.6547838449478149,0.09090909361839294
2,2,0.7,DeepFool,3.5976576805114746,0.6346713304519653,0.09090909361839294
2,3,0.7,DeepFool,3.3125743865966797,0.7624850273132324,0.09090909361839294
2,4,0.7,DeepFool,3.3743622303009033,0.6141033172607422,0.09090909361839294
2,0,1.0,DeepFool,2.677609920501709,0.6112440228462219,0.09090909361839294
2,1,1.0,DeepFool,2.340651273727417,0.6547838449478149,0.09090909361839294
2,2,1.0,DeepFool,3.5976576805114746,0.6346713304519653,0.09090909361839294
2,3,1.0,DeepFool,3.3125743865966797,0.7624850273132324,0.09090909361839294
2,4,1.0,DeepFool,3.3743622303009033,0.6141033172607422,0.09090909361839294
8,N/A,N/A,Original,N/A,N/A,0.3333333432674408
8,0,0.001,FGSM,2.590256452560425,0.7453539967536926,0.2222222238779068
8,1,0.001,FGSM,2.875339984893799,0.7217596769332886,0.2222222238779068
8,2,0.001,FGSM,2.2950451374053955,0.8161375522613525,0.2222222238779068
8,3,0.001,FGSM,3.5601398944854736,0.36654824018478394,0.2222222238779068
8,4,0.001,FGSM,1.9762800931930542,0.8532533645629883,0.2222222238779068
8,0,0.01,FGSM,2.584096670150757,0.7460200786590576,0.1111111119389534
8,1,0.01,FGSM,2.8144338130950928,0.7120339870452881,0.1111111119389534
8,2,0.01,FGSM,2.329763889312744,0.8149509429931641,0.1111111119389534
8,3,0.01,FGSM,3.53193736076355,0.38996830582618713,0.1111111119389534
8,4,0.01,FGSM,1.779567837715149,0.8827953338623047,0.1111111119389534
8,0,0.05,FGSM,2.61332368850708,0.7372937798500061,0.1111111119389534
8,1,0.05,FGSM,2.7817671298980713,0.7018294930458069,0.1111111119389534
8,2,0.05,FGSM,2.452531576156616,0.7912843227386475,0.1111111119389534
8,3,0.05,FGSM,3.051023006439209,0.6362237930297852,0.1111111119389534
8,4,0.05,FGSM,1.7498446702957153,0.8939110040664673,0.1111111119389534
8,0,0.1,FGSM,2.639650821685791,0.7336515188217163,0.1111111119389534
8,1,0.1,FGSM,2.660231113433838,0.7231216430664062,0.1111111119389534
8,2,0.1,FGSM,2.470500946044922,0.7766017913818359,0.1111111119389534
8,3,0.1,FGSM,3.3274271488189697,0.6244142651557922,0.1111111119389534
8,4,0.1,FGSM,1.7719980478286743,0.8837989568710327,0.1111111119389534
8,0,0.3,FGSM,2.7119710445404053,0.7348125576972961,0.3333333432674408
8,1,0.3,FGSM,2.643206834793091,0.7455901503562927,0.3333333432674408
8,2,0.3,FGSM,2.942054033279419,0.6545764207839966,0.3333333432674408
8,3,0.3,FGSM,3.36952543258667,0.6148296594619751,0.3333333432674408
8,4,0.3,FGSM,2.4256436824798584,0.7839272022247314,0.3333333432674408
8,0,0.5,FGSM,2.8283636569976807,0.7586740255355835,0.3333333432674408
8,1,0.5,FGSM,2.6777188777923584,0.7135617733001709,0.3333333432674408
8,2,0.5,FGSM,2.729865789413452,0.7042770385742188,0.3333333432674408
8,3,0.5,FGSM,3.165574550628662,0.6696081161499023,0.3333333432674408
8,4,0.5,FGSM,2.362041711807251,0.7958577871322632,0.3333333432674408
8,0,0.7,FGSM,2.7512454986572266,0.7764831781387329,0.3333333432674408
8,1,0.7,FGSM,2.7632675170898438,0.6907215714454651,0.3333333432674408
8,2,0.7,FGSM,2.782926082611084,0.6994732618331909,0.3333333432674408
8,3,0.7,FGSM,2.9114718437194824,0.7434026598930359,0.3333333432674408
8,4,0.7,FGSM,2.3746652603149414,0.7901452779769897,0.3333333432674408
8,0,1.0,FGSM,2.7060723304748535,0.783615231513977,0.3333333432674408
8,1,1.0,FGSM,2.84420108795166,0.6736565232276917,0.3333333432674408
8,2,1.0,FGSM,2.67344331741333,0.7432465553283691,0.3333333432674408
8,3,1.0,FGSM,2.6509556770324707,0.7467665672302246,0.3333333432674408
8,4,1.0,FGSM,2.2811999320983887,0.8146190643310547,0.3333333432674408
8,0,0.001,PGD,2.5534119606018066,0.7623765468597412,0.2222222238779068
8,1,0.001,PGD,2.8748984336853027,0.7208297252655029,0.2222222238779068
8,2,0.001,PGD,2.295926332473755,0.8156143426895142,0.2222222238779068
8,3,0.001,PGD,3.559964418411255,0.36656343936920166,0.2222222238779068
8,4,0.001,PGD,1.997076153755188,0.8504783511161804,0.2222222238779068
8,0,0.01,PGD,2.5413036346435547,0.758753776550293,0.1111111119389534
8,1,0.01,PGD,2.806486129760742,0.7215158939361572,0.1111111119389534
8,2,0.01,PGD,2.320638418197632,0.8228278160095215,0.1111111119389534
8,3,0.01,PGD,3.5294382572174072,0.3893139064311981,0.1111111119389534
8,4,0.01,PGD,1.7706458568572998,0.8836965560913086,0.1111111119389534
8,0,0.05,PGD,2.6010186672210693,0.7546052932739258,0.1111111119389534
8,1,0.05,PGD,2.8199946880340576,0.6976072192192078,0.1111111119389534
8,2,0.05,PGD,2.460705280303955,0.7989451885223389,0.1111111119389534
8,3,0.05,PGD,2.610610246658325,0.7515014410018921,0.1111111119389534
8,4,0.05,PGD,1.7452991008758545,0.8922889232635498,0.1111111119389534
8,0,0.1,PGD,2.9824798107147217,0.762934148311615,0.1111111119389534
8,1,0.1,PGD,2.8263516426086426,0.7029624581336975,0.1111111119389534
8,2,0.1,PGD,2.4958999156951904,0.7675865888595581,0.1111111119389534
8,3,0.1,PGD,2.779207944869995,0.7427791357040405,0.1111111119389534
8,4,0.1,PGD,1.9015957117080688,0.8662082552909851,0.1111111119389534
8,0,0.3,PGD,2.6625900268554688,0.7181220650672913,0.3333333432674408
8,1,0.3,PGD,2.8911375999450684,0.6849406957626343,0.3333333432674408
8,2,0.3,PGD,3.335549831390381,0.5509188175201416,0.3333333432674408
8,3,0.3,PGD,3.494004487991333,0.5111181735992432,0.3333333432674408
8,4,0.3,PGD,2.6022331714630127,0.7255722284317017,0.3333333432674408
8,0,0.5,PGD,3.6764755249023438,0.35282206535339355,0.2222222238779068
8,1,0.5,PGD,3.2091615200042725,0.5421215295791626,0.2222222238779068
8,2,0.5,PGD,3.863624095916748,0.18007966876029968,0.2222222238779068
8,3,0.5,PGD,3.4695932865142822,0.49516403675079346,0.2222222238779068
8,4,0.5,PGD,3.254310131072998,0.5501083135604858,0.2222222238779068
8,0,0.7,PGD,3.5241408348083496,0.515885591506958,0.3333333432674408
8,1,0.7,PGD,3.9626762866973877,0.20453810691833496,0.3333333432674408
8,2,0.7,PGD,3.274911880493164,0.5009925365447998,0.3333333432674408
8,3,0.7,PGD,3.7532150745391846,0.30062854290008545,0.3333333432674408
8,4,0.7,PGD,3.8864989280700684,0.2836821973323822,0.3333333432674408
8,0,1.0,PGD,4.149560451507568,0.1464311182498932,0.2222222238779068
8,1,1.0,PGD,3.9122109413146973,0.35237765312194824,0.2222222238779068
8,2,1.0,PGD,3.754556894302368,0.2870647609233856,0.2222222238779068
8,3,1.0,PGD,3.915461540222168,0.223303884267807,0.2222222238779068
8,4,1.0,PGD,3.703359365463257,0.33963826298713684,0.2222222238779068
8,0,0.001,C&W,2.5793075561523438,0.7476045489311218,0.2222222238779068
8,1,0.001,C&W,2.8703720569610596,0.722638726234436,0.2222222238779068
8,2,0.001,C&W,2.288869857788086,0.8142696619033813,0.2222222238779068
8,3,0.001,C&W,3.5446937084198,0.37916845083236694,0.2222222238779068
8,4,0.001,C&W,2.005988597869873,0.8489964008331299,0.2222222238779068
8,0,0.01,C&W,2.5793075561523438,0.7476045489311218,0.2222222238779068
8,1,0.01,C&W,2.8703720569610596,0.722638726234436,0.2222222238779068
8,2,0.01,C&W,2.288869857788086,0.8142696619033813,0.2222222238779068
8,3,0.01,C&W,3.5642240047454834,0.36201661825180054,0.2222222238779068
8,4,0.01,C&W,2.0196080207824707,0.847241997718811,0.2222222238779068
8,0,0.05,C&W,2.5793075561523438,0.7476045489311218,0.2222222238779068
8,1,0.05,C&W,2.8703720569610596,0.722638726234436,0.2222222238779068
8,2,0.05,C&W,2.288869857788086,0.8142696619033813,0.2222222238779068
8,3,0.05,C&W,3.565631866455078,0.36309635639190674,0.2222222238779068
8,4,0.05,C&W,2.00364089012146,0.8497934341430664,0.2222222238779068
8,0,0.1,C&W,2.5793075561523438,0.7476045489311218,0.1111111119389534
8,1,0.1,C&W,2.8703720569610596,0.722638726234436,0.1111111119389534
8,2,0.1,C&W,2.288869857788086,0.8142696619033813,0.1111111119389534
8,3,0.1,C&W,3.5932090282440186,0.34547117352485657,0.1111111119389534
8,4,0.1,C&W,1.9864559173583984,0.8522638082504272,0.1111111119389534
8,0,0.3,C&W,2.5793075561523438,0.7476045489311218,0.1111111119389534
8,1,0.3,C&W,2.8703720569610596,0.722638726234436,0.1111111119389534
8,2,0.3,C&W,2.288869857788086,0.8142696619033813,0.1111111119389534
8,3,0.3,C&W,3.4781558513641357,0.416729211807251,0.1111111119389534
8,4,0.3,C&W,1.9864559173583984,0.8522638082504272,0.1111111119389534
8,0,0.5,C&W,2.5793075561523438,0.7476045489311218,0.1111111119389534
8,1,0.5,C&W,2.8703720569610596,0.722638726234436,0.1111111119389534
8,2,0.5,C&W,2.288869857788086,0.8142696619033813,0.1111111119389534
8,3,0.5,C&W,3.321815013885498,0.488869845867157,0.1111111119389534
8,4,0.5,C&W,1.9864559173583984,0.8522638082504272,0.1111111119389534
8,0,0.7,C&W,2.5793075561523438,0.7476045489311218,0.1111111119389534
8,1,0.7,C&W,2.8703720569610596,0.722638726234436,0.1111111119389534
8,2,0.7,C&W,2.288869857788086,0.8142696619033813,0.1111111119389534
8,3,0.7,C&W,3.2514069080352783,0.5184521079063416,0.1111111119389534
8,4,0.7,C&W,1.9864559173583984,0.8522638082504272,0.1111111119389534
8,0,1.0,C&W,2.5793075561523438,0.7476045489311218,0.1111111119389534
8,1,1.0,C&W,2.8703720569610596,0.722638726234436,0.1111111119389534
8,2,1.0,C&W,2.288869857788086,0.8142696619033813,0.1111111119389534
8,3,1.0,C&W,3.2435741424560547,0.5247194170951843,0.1111111119389534
8,4,1.0,C&W,1.9864559173583984,0.8522638082504272,0.1111111119389534
8,0,0.001,DeepFool,2.5841965675354004,0.7475179433822632,0.2222222238779068
8,1,0.001,DeepFool,2.8703861236572266,0.7226448059082031,0.2222222238779068
8,2,0.001,DeepFool,2.288857936859131,0.8142693638801575,0.2222222238779068
8,3,0.001,DeepFool,3.5697057247161865,0.36047765612602234,0.2222222238779068
8,4,0.001,DeepFool,1.9964516162872314,0.8505820035934448,0.2222222238779068
8,0,0.01,DeepFool,2.5841965675354004,0.7475179433822632,0.1111111119389534
8,1,0.01,DeepFool,2.8703861236572266,0.7226448059082031,0.1111111119389534
8,2,0.01,DeepFool,2.288857936859131,0.8142693638801575,0.1111111119389534
8,3,0.01,DeepFool,3.5343077182769775,0.384069561958313,0.1111111119389534
8,4,0.01,DeepFool,1.9963126182556152,0.8506077527999878,0.1111111119389534
8,0,0.05,DeepFool,2.5841965675354004,0.7475179433822632,0.1111111119389534
8,1,0.05,DeepFool,2.8703861236572266,0.7226448059082031,0.1111111119389534
8,2,0.05,DeepFool,2.288857936859131,0.8142693638801575,0.1111111119389534
8,3,0.05,DeepFool,3.1450607776641846,0.5843638181686401,0.1111111119389534
8,4,0.05,DeepFool,1.9963126182556152,0.8506077527999878,0.1111111119389534
8,0,0.1,DeepFool,2.5841965675354004,0.7475179433822632,0.1111111119389534
8,1,0.1,DeepFool,2.8703861236572266,0.7226448059082031,0.1111111119389534
8,2,0.1,DeepFool,2.288857936859131,0.8142693638801575,0.1111111119389534
8,3,0.1,DeepFool,3.1450607776641846,0.5843638181686401,0.1111111119389534
8,4,0.1,DeepFool,1.9963126182556152,0.8506077527999878,0.1111111119389534
8,0,0.3,DeepFool,2.5841965675354004,0.7475179433822632,0.1111111119389534
8,1,0.3,DeepFool,2.8703861236572266,0.7226448059082031,0.1111111119389534
8,2,0.3,DeepFool,2.288857936859131,0.8142693638801575,0.1111111119389534
8,3,0.3,DeepFool,3.1450607776641846,0.5843638181686401,0.1111111119389534
8,4,0.3,DeepFool,1.9963126182556152,0.8506077527999878,0.1111111119389534
8,0,0.5,DeepFool,2.5841965675354004,0.7475179433822632,0.1111111119389534
8,1,0.5,DeepFool,2.8703861236572266,0.7226448059082031,0.1111111119389534
8,2,0.5,DeepFool,2.288857936859131,0.8142693638801575,0.1111111119389534
8,3,0.5,DeepFool,3.1450607776641846,0.5843638181686401,0.1111111119389534
8,4,0.5,DeepFool,1.9963126182556152,0.8506077527999878,0.1111111119389534
8,0,0.7,DeepFool,2.5841965675354004,0.7475179433822632,0.1111111119389534
8,1,0.7,DeepFool,2.8703861236572266,0.7226448059082031,0.1111111119389534
8,2,0.7,DeepFool,2.288857936859131,0.8142693638801575,0.1111111119389534
8,3,0.7,DeepFool,3.1450607776641846,0.5843638181686401,0.1111111119389534
8,4,0.7,DeepFool,1.9963126182556152,0.8506077527999878,0.1111111119389534
8,0,1.0,DeepFool,2.5841965675354004,0.7475179433822632,0.1111111119389534
8,1,1.0,DeepFool,2.8703861236572266,0.7226448059082031,0.1111111119389534
8,2,1.0,DeepFool,2.288857936859131,0.8142693638801575,0.1111111119389534
8,3,1.0,DeepFool,3.1450607776641846,0.5843638181686401,0.1111111119389534
8,4,1.0,DeepFool,1.9963126182556152,0.8506077527999878,0.1111111119389534
5,N/A,N/A,Original,N/A,N/A,0.375
5,0,0.001,FGSM,2.096832752227783,0.8741837739944458,0.0
5,1,0.001,FGSM,1.7622066736221313,0.9174561500549316,0.0
5,2,0.001,FGSM,2.1411502361297607,0.861797571182251,0.0
5,3,0.001,FGSM,3.011838674545288,0.7052842378616333,0.0
5,4,0.001,FGSM,2.5267038345336914,0.8047640323638916,0.0
5,0,0.01,FGSM,2.1073241233825684,0.8721750974655151,0.0
5,1,0.01,FGSM,1.792647123336792,0.9132282733917236,0.0
5,2,0.01,FGSM,2.1009092330932617,0.8676860332489014,0.0
5,3,0.01,FGSM,3.0462284088134766,0.6974691152572632,0.0
5,4,0.01,FGSM,2.285444498062134,0.8473533391952515,0.0
5,0,0.05,FGSM,2.1142125129699707,0.869369626045227,0.125
5,1,0.05,FGSM,1.924934983253479,0.9035183191299438,0.125
5,2,0.05,FGSM,2.0716910362243652,0.8720192909240723,0.125
5,3,0.05,FGSM,3.0527548789978027,0.6961888074874878,0.125
5,4,0.05,FGSM,1.8976471424102783,0.8931795954704285,0.125
5,0,0.1,FGSM,2.0734057426452637,0.8757794499397278,0.125
5,1,0.1,FGSM,2.0615363121032715,0.8861297965049744,0.125
5,2,0.1,FGSM,2.0289831161499023,0.8793649673461914,0.125
5,3,0.1,FGSM,3.0687403678894043,0.6944699287414551,0.125
5,4,0.1,FGSM,1.9040782451629639,0.900933027267456,0.125
5,0,0.3,FGSM,2.6422886848449707,0.8341255187988281,0.0
5,1,0.3,FGSM,2.3486239910125732,0.8529931306838989,0.0
5,2,0.3,FGSM,2.1752851009368896,0.8778927326202393,0.0
5,3,0.3,FGSM,2.799739122390747,0.753373384475708,0.0
5,4,0.3,FGSM,2.005763053894043,0.8798606395721436,0.0
5,0,0.5,FGSM,2.7147655487060547,0.7819981575012207,0.125
5,1,0.5,FGSM,2.373023748397827,0.8467823266983032,0.125
5,2,0.5,FGSM,2.0099871158599854,0.8819037675857544,0.125
5,3,0.5,FGSM,2.6568689346313477,0.77853924036026,0.125
5,4,0.5,FGSM,2.323697805404663,0.8359278440475464,0.125
5,0,0.7,FGSM,2.966381788253784,0.730667769908905,0.25
5,1,0.7,FGSM,2.4888696670532227,0.8324174880981445,0.25
5,2,0.7,FGSM,1.9472904205322266,0.8935593962669373,0.25
5,3,0.7,FGSM,2.6430017948150635,0.7795895338058472,0.25
5,4,0.7,FGSM,2.47619366645813,0.8097155094146729,0.25
5,0,1.0,FGSM,2.9009578227996826,0.7506363391876221,0.125
5,1,1.0,FGSM,2.4690637588500977,0.8218390941619873,0.125
5,2,1.0,FGSM,1.9659523963928223,0.8941285014152527,0.125
5,3,1.0,FGSM,2.71235728263855,0.7661910057067871,0.125
5,4,1.0,FGSM,2.6158804893493652,0.7855175733566284,0.125
5,0,0.001,PGD,2.0917410850524902,0.8746356964111328,0.0
5,1,0.001,PGD,1.7714430093765259,0.9169905185699463,0.0
5,2,0.001,PGD,2.1452383995056152,0.8612326383590698,0.0
5,3,0.001,PGD,3.008812189102173,0.7073349952697754,0.0
5,4,0.001,PGD,2.3851935863494873,0.8277649879455566,0.0
5,0,0.01,PGD,2.132887840270996,0.868754506111145,0.0
5,1,0.01,PGD,1.8115944862365723,0.913722813129425,0.0
5,2,0.01,PGD,2.1371536254882812,0.8625082969665527,0.0
5,3,0.01,PGD,2.9786007404327393,0.718039333820343,0.0
5,4,0.01,PGD,2.10867977142334,0.8697201013565063,0.0
5,0,0.05,PGD,2.295790433883667,0.8470444083213806,0.125
5,1,0.05,PGD,1.821446180343628,0.910075306892395,0.125
5,2,0.05,PGD,2.402430772781372,0.8221492767333984,0.125
5,3,0.05,PGD,2.880863666534424,0.7367458343505859,0.125
5,4,0.05,PGD,2.052712917327881,0.87615966796875,0.125
5,0,0.1,PGD,2.238394021987915,0.8477097749710083,0.25
5,1,0.1,PGD,2.028693675994873,0.8774971961975098,0.25
5,2,0.1,PGD,2.968212604522705,0.7177356481552124,0.25
5,3,0.1,PGD,3.0330145359039307,0.7003759741783142,0.25
5,4,0.1,PGD,2.551591396331787,0.7981082201004028,0.25
5,0,0.3,PGD,3.5289347171783447,0.5579158067703247,0.25
5,1,0.3,PGD,3.142040491104126,0.6701790690422058,0.25
5,2,0.3,PGD,3.286210060119629,0.6662150621414185,0.25
5,3,0.3,PGD,3.467540740966797,0.5748026967048645,0.25
5,4,0.3,PGD,3.8456897735595703,0.4223993420600891,0.25
5,0,0.5,PGD,3.5123345851898193,0.5544250011444092,0.0
5,1,0.5,PGD,3.110365629196167,0.676681637763977,0.0
5,2,0.5,PGD,3.865140914916992,0.4756069779396057,0.0
5,3,0.5,PGD,4.073803424835205,0.4218176007270813,0.0
5,4,0.5,PGD,3.804331064224243,0.44294172525405884,0.0
5,0,0.7,PGD,3.407325029373169,0.6147022247314453,0.125
5,1,0.7,PGD,3.8982057571411133,0.4235440194606781,0.125
5,2,0.7,PGD,3.4334421157836914,0.5832980871200562,0.125
5,3,0.7,PGD,3.4423348903656006,0.5837411284446716,0.125
5,4,0.7,PGD,2.5033366680145264,0.8069116473197937,0.125
5,0,1.0,PGD,3.3699951171875,0.6216917634010315,0.125
5,1,1.0,PGD,3.2825398445129395,0.6286381483078003,0.125
5,2,1.0,PGD,3.6848018169403076,0.5222243070602417,0.125
5,3,1.0,PGD,3.517453193664551,0.5571131706237793,0.125
5,4,1.0,PGD,3.6265878677368164,0.5760552287101746,0.125
5,0,0.001,C&W,2.09623646736145,0.873781681060791,0.0
5,1,0.001,C&W,1.7646021842956543,0.9168750047683716,0.0
5,2,0.001,C&W,2.155647039413452,0.8596690893173218,0.0
5,3,0.001,C&W,3.047538995742798,0.6966856122016907,0.0
5,4,0.001,C&W,2.5024900436401367,0.8090360164642334,0.0
5,0,0.01,C&W,2.09623646736145,0.873781681060791,0.0
5,1,0.01,C&W,1.7657976150512695,0.9168682098388672,0.0
5,2,0.01,C&W,2.155647039413452,0.8596690893173218,0.0
5,3,0.01,C&W,3.047538995742798,0.6966856122016907,0.0
5,4,0.01,C&W,2.4230055809020996,0.8223245739936829,0.0
5,0,0.05,C&W,2.09623646736145,0.873781681060791,0.0
5,1,0.05,C&W,1.7516893148422241,0.9169931411743164,0.0
5,2,0.05,C&W,2.155647039413452,0.8596690893173218,0.0
5,3,0.05,C&W,3.047538995742798,0.6966856122016907,0.0
5,4,0.05,C&W,2.3669042587280273,0.8324055075645447,0.0
5,0,0.1,C&W,2.09623646736145,0.873781681060791,0.0
5,1,0.1,C&W,1.765339732170105,0.9177935719490051,0.0
5,2,0.1,C&W,2.155647039413452,0.8596690893173218,0.0
5,3,0.1,C&W,3.047538995742798,0.6966856122016907,0.0
5,4,0.1,C&W,2.1733670234680176,0.8607125282287598,0.0
5,0,0.3,C&W,2.09623646736145,0.873781681060791,0.0
5,1,0.3,C&W,1.7788859605789185,0.9174500703811646,0.0
5,2,0.3,C&W,2.155647039413452,0.8596690893173218,0.0
5,3,0.3,C&W,3.047538995742798,0.6966856122016907,0.0
5,4,0.3,C&W,2.0583889484405518,0.875350832939148,0.0
5,0,0.5,C&W,2.09623646736145,0.873781681060791,0.125
5,1,0.5,C&W,1.8195065259933472,0.9151043891906738,0.125
5,2,0.5,C&W,2.155647039413452,0.8596690893173218,0.125
5,3,0.5,C&W,3.047538995742798,0.6966856122016907,0.125
5,4,0.5,C&W,2.0476083755493164,0.8772244453430176,0.125
5,0,0.7,C&W,2.09623646736145,0.873781681060791,0.125
5,1,0.7,C&W,1.807684063911438,0.9144899845123291,0.125
5,2,0.7,C&W,2.155647039413452,0.8596690893173218,0.125
5,3,0.7,C&W,3.047538995742798,0.6966856122016907,0.125
5,4,0.7,C&W,2.044234037399292,0.8776816129684448,0.125
5,0,1.0,C&W,2.09623646736145,0.873781681060791,0.125
5,1,1.0,C&W,1.8102600574493408,0.914678692817688,0.125
5,2,1.0,C&W,2.155647039413452,0.8596690893173218,0.125
5,3,1.0,C&W,3.047538995742798,0.6966856122016907,0.125
5,4,1.0,C&W,2.036036729812622,0.8783072233200073,0.125
5,0,0.001,DeepFool,2.096285820007324,0.873775839805603,0.0
5,1,0.001,DeepFool,1.7722915410995483,0.9169724583625793,0.0
5,2,0.001,DeepFool,2.1557273864746094,0.8596577644348145,0.0
5,3,0.001,DeepFool,3.043247938156128,0.6978418827056885,0.0
5,4,0.001,DeepFool,2.5561962127685547,0.8009344339370728,0.0
5,0,0.01,DeepFool,2.096285820007324,0.873775839805603,0.0
5,1,0.01,DeepFool,1.7974220514297485,0.9151162505149841,0.0
5,2,0.01,DeepFool,2.1557273864746094,0.8596577644348145,0.0
5,3,0.01,DeepFool,3.043247938156128,0.6978418827056885,0.0
5,4,0.01,DeepFool,2.304131269454956,0.8472727537155151,0.0
5,0,0.05,DeepFool,2.096285820007324,0.873775839805603,0.125
5,1,0.05,DeepFool,1.7617008686065674,0.9133365154266357,0.125
5,2,0.05,DeepFool,2.1557273864746094,0.8596577644348145,0.125
5,3,0.05,DeepFool,3.043247938156128,0.6978418827056885,0.125
5,4,0.05,DeepFool,2.0734686851501465,0.8752274513244629,0.125
5,0,0.1,DeepFool,2.096285820007324,0.873775839805603,0.125
5,1,0.1,DeepFool,1.7617008686065674,0.9133365154266357,0.125
5,2,0.1,DeepFool,2.1557273864746094,0.8596577644348145,0.125
5,3,0.1,DeepFool,3.043247938156128,0.6978418827056885,0.125
5,4,0.1,DeepFool,2.0734686851501465,0.8752274513244629,0.125
5,0,0.3,DeepFool,2.096285820007324,0.873775839805603,0.125
5,1,0.3,DeepFool,1.7617008686065674,0.9133365154266357,0.125
5,2,0.3,DeepFool,2.1557273864746094,0.8596577644348145,0.125
5,3,0.3,DeepFool,3.043247938156128,0.6978418827056885,0.125
5,4,0.3,DeepFool,2.0734686851501465,0.8752274513244629,0.125
5,0,0.5,DeepFool,2.096285820007324,0.873775839805603,0.125
5,1,0.5,DeepFool,1.7617008686065674,0.9133365154266357,0.125
5,2,0.5,DeepFool,2.1557273864746094,0.8596577644348145,0.125
5,3,0.5,DeepFool,3.043247938156128,0.6978418827056885,0.125
5,4,0.5,DeepFool,2.0734686851501465,0.8752274513244629,0.125
5,0,0.7,DeepFool,2.096285820007324,0.873775839805603,0.125
5,1,0.7,DeepFool,1.7617008686065674,0.9133365154266357,0.125
5,2,0.7,DeepFool,2.1557273864746094,0.8596577644348145,0.125
5,3,0.7,DeepFool,3.043247938156128,0.6978418827056885,0.125
5,4,0.7,DeepFool,2.0734686851501465,0.8752274513244629,0.125
5,0,1.0,DeepFool,2.096285820007324,0.873775839805603,0.125
5,1,1.0,DeepFool,1.7617008686065674,0.9133365154266357,0.125
5,2,1.0,DeepFool,2.1557273864746094,0.8596577644348145,0.125
5,3,1.0,DeepFool,3.043247938156128,0.6978418827056885,0.125
5,4,1.0,DeepFool,2.0734686851501465,0.8752274513244629,0.125
3,N/A,N/A,Original,N/A,N/A,0.1666666716337204
3,0,0.001,FGSM,2.2772414684295654,0.764474630355835,0.1666666716337204
3,1,0.001,FGSM,2.5583996772766113,0.7280138731002808,0.1666666716337204
3,2,0.001,FGSM,2.07401442527771,0.8060563802719116,0.1666666716337204
3,3,0.001,FGSM,2.7867701053619385,0.7228283882141113,0.1666666716337204
3,4,0.001,FGSM,2.320295810699463,0.7908903956413269,0.1666666716337204
3,0,0.01,FGSM,2.3414721488952637,0.7681313753128052,0.1666666716337204
3,1,0.01,FGSM,2.6518876552581787,0.730207085609436,0.1666666716337204
3,2,0.01,FGSM,2.1197757720947266,0.8056058287620544,0.1666666716337204
3,3,0.01,FGSM,2.888659954071045,0.7201046943664551,0.1666666716337204
3,4,0.01,FGSM,2.3283393383026123,0.7881104350090027,0.1666666716337204
3,0,0.05,FGSM,2.5305590629577637,0.7867918014526367,0.1666666716337204
3,1,0.05,FGSM,2.4233651161193848,0.7383888959884644,0.1666666716337204
3,2,0.05,FGSM,2.129068613052368,0.7894341945648193,0.1666666716337204
3,3,0.05,FGSM,3.2823736667633057,0.7325011491775513,0.1666666716337204
3,4,0.05,FGSM,2.209165573120117,0.7851216793060303,0.1666666716337204
3,0,0.1,FGSM,2.65083909034729,0.8190015554428101,0.1666666716337204
3,1,0.1,FGSM,2.2319142818450928,0.7658917903900146,0.1666666716337204
3,2,0.1,FGSM,2.031508684158325,0.8077252507209778,0.1666666716337204
3,3,0.1,FGSM,3.0104756355285645,0.7543058395385742,0.1666666716337204
3,4,0.1,FGSM,2.148836612701416,0.7759057283401489,0.1666666716337204
3,0,0.3,FGSM,2.0788004398345947,0.852996826171875,0.1666666716337204
3,1,0.3,FGSM,2.745300769805908,0.7651902437210083,0.1666666716337204
3,2,0.3,FGSM,1.6685880422592163,0.891727864742279,0.1666666716337204
3,3,0.3,FGSM,2.820737838745117,0.8679642677307129,0.1666666716337204
3,4,0.3,FGSM,2.325554370880127,0.7622003555297852,0.1666666716337204
3,0,0.5,FGSM,2.145101547241211,0.8447846174240112,0.0
3,1,0.5,FGSM,2.6656389236450195,0.7594068646430969,0.0
3,2,0.5,FGSM,2.01558256149292,0.8989958167076111,0.0
3,3,0.5,FGSM,2.4669108390808105,0.8893416523933411,0.0
3,4,0.5,FGSM,2.6420974731445312,0.7954303622245789,0.0
3,0,0.7,FGSM,1.9880765676498413,0.8307697772979736,0.0
3,1,0.7,FGSM,2.6197690963745117,0.7793527245521545,0.0
3,2,0.7,FGSM,2.3128528594970703,0.8785876035690308,0.0
3,3,0.7,FGSM,2.271202802658081,0.8874654769897461,0.0
3,4,0.7,FGSM,2.6626853942871094,0.8084282279014587,0.0
3,0,1.0,FGSM,2.4568920135498047,0.8395761847496033,0.1666666716337204
3,1,1.0,FGSM,2.488579273223877,0.7912742495536804,0.1666666716337204
3,2,1.0,FGSM,2.465137004852295,0.8625845909118652,0.1666666716337204
3,3,1.0,FGSM,2.3609964847564697,0.9053715467453003,0.1666666716337204
3,4,1.0,FGSM,2.5348761081695557,0.8283005952835083,0.1666666716337204
3,0,0.001,PGD,2.2725419998168945,0.7652602791786194,0.1666666716337204
3,1,0.001,PGD,2.4419186115264893,0.7355976104736328,0.1666666716337204
3,2,0.001,PGD,2.084895372390747,0.8042279481887817,0.1666666716337204
3,3,0.001,PGD,2.788233757019043,0.7225788831710815,0.1666666716337204
3,4,0.001,PGD,2.3190972805023193,0.7908974289894104,0.1666666716337204
3,0,0.01,PGD,2.3620669841766357,0.7698490619659424,0.1666666716337204
3,1,0.01,PGD,2.4819209575653076,0.7401975393295288,0.1666666716337204
3,2,0.01,PGD,2.1227149963378906,0.7974370718002319,0.1666666716337204
3,3,0.01,PGD,2.8815293312072754,0.7188124656677246,0.1666666716337204
3,4,0.01,PGD,2.358276844024658,0.792449951171875,0.1666666716337204
3,0,0.05,PGD,2.4432621002197266,0.7560569047927856,0.1666666716337204
3,1,0.05,PGD,2.229630708694458,0.7573983669281006,0.1666666716337204
3,2,0.05,PGD,2.1655681133270264,0.7957180738449097,0.1666666716337204
3,3,0.05,PGD,3.1617751121520996,0.6960201263427734,0.1666666716337204
3,4,0.05,PGD,2.2092607021331787,0.794904351234436,0.1666666716337204
3,0,0.1,PGD,2.269427537918091,0.7513378858566284,0.1666666716337204
3,1,0.1,PGD,2.0674426555633545,0.7830044627189636,0.1666666716337204
3,2,0.1,PGD,2.121096134185791,0.7993398308753967,0.1666666716337204
3,3,0.1,PGD,3.0088257789611816,0.7018141746520996,0.1666666716337204
3,4,0.1,PGD,2.265857458114624,0.7864317297935486,0.1666666716337204
3,0,0.3,PGD,2.559058427810669,0.7208694219589233,0.3333333432674408
3,1,0.3,PGD,2.825495958328247,0.5877488255500793,0.3333333432674408
3,2,0.3,PGD,2.2467033863067627,0.7376056909561157,0.3333333432674408
3,3,0.3,PGD,2.7543270587921143,0.6288917660713196,0.3333333432674408
3,4,0.3,PGD,2.630612850189209,0.6397400498390198,0.3333333432674408
3,0,0.5,PGD,2.6009628772735596,0.679550290107727,0.3333333432674408
3,1,0.5,PGD,3.388500213623047,0.5630960464477539,0.3333333432674408
3,2,0.5,PGD,2.0684657096862793,0.8673675656318665,0.3333333432674408
3,3,0.5,PGD,3.113722085952759,0.613953709602356,0.3333333432674408
3,4,0.5,PGD,2.803049325942993,0.586589515209198,0.3333333432674408
3,0,0.7,PGD,2.5849387645721436,0.6363909840583801,0.3333333432674408
3,1,0.7,PGD,3.1630260944366455,0.6891370415687561,0.3333333432674408
3,2,0.7,PGD,2.4635818004608154,0.760951578617096,0.3333333432674408
3,3,0.7,PGD,2.9564056396484375,0.5617315173149109,0.3333333432674408
3,4,0.7,PGD,2.927246332168579,0.5506559610366821,0.3333333432674408
3,0,1.0,PGD,2.7566449642181396,0.5878127813339233,0.3333333432674408
3,1,1.0,PGD,2.7377419471740723,0.6793929934501648,0.3333333432674408
3,2,1.0,PGD,2.3979647159576416,0.8125497102737427,0.3333333432674408
3,3,1.0,PGD,3.235262393951416,0.3852686285972595,0.3333333432674408
3,4,1.0,PGD,2.32773756980896,0.7156777381896973,0.3333333432674408
3,0,0.001,C&W,2.2715890407562256,0.7649331092834473,0.1666666716337204
3,1,0.001,C&W,2.485565423965454,0.7241219282150269,0.1666666716337204
3,2,0.001,C&W,2.068779706954956,0.8078818321228027,0.1666666716337204
3,3,0.001,C&W,2.788691759109497,0.7213046550750732,0.1666666716337204
3,4,0.001,C&W,2.3204433917999268,0.7919013500213623,0.1666666716337204
3,0,0.01,C&W,2.2715890407562256,0.7649331092834473,0.1666666716337204
3,1,0.01,C&W,2.485565423965454,0.7241219282150269,0.1666666716337204
3,2,0.01,C&W,2.068779706954956,0.8078818321228027,0.1666666716337204
3,3,0.01,C&W,2.775052547454834,0.7222718000411987,0.1666666716337204
3,4,0.01,C&W,2.3204433917999268,0.7919013500213623,0.1666666716337204
3,0,0.05,C&W,2.2715890407562256,0.7649331092834473,0.1666666716337204
3,1,0.05,C&W,2.485565423965454,0.7241219282150269,0.1666666716337204
3,2,0.05,C&W,2.068779706954956,0.8078818321228027,0.1666666716337204
3,3,0.05,C&W,2.7775490283966064,0.7241235971450806,0.1666666716337204
3,4,0.05,C&W,2.3204433917999268,0.7919013500213623,0.1666666716337204
3,0,0.1,C&W,2.2715890407562256,0.7649331092834473,0.1666666716337204
3,1,0.1,C&W,2.485565423965454,0.7241219282150269,0.1666666716337204
3,2,0.1,C&W,2.068779706954956,0.8078818321228027,0.1666666716337204
3,3,0.1,C&W,2.800652027130127,0.7194042205810547,0.1666666716337204
3,4,0.1,C&W,2.3204433917999268,0.7919013500213623,0.1666666716337204
3,0,0.3,C&W,2.2715890407562256,0.7649331092834473,0.1666666716337204
3,1,0.3,C&W,2.485565423965454,0.7241219282150269,0.1666666716337204
3,2,0.3,C&W,2.068779706954956,0.8078818321228027,0.1666666716337204
3,3,0.3,C&W,2.81855845451355,0.7149546146392822,0.1666666716337204
3,4,0.3,C&W,2.3204433917999268,0.7919013500213623,0.1666666716337204
3,0,0.5,C&W,2.2715890407562256,0.7649331092834473,0.1666666716337204
3,1,0.5,C&W,2.485565423965454,0.7241219282150269,0.1666666716337204
3,2,0.5,C&W,2.068779706954956,0.8078818321228027,0.1666666716337204
3,3,0.5,C&W,2.812985420227051,0.7174870371818542,0.1666666716337204
3,4,0.5,C&W,2.3204433917999268,0.7919013500213623,0.1666666716337204
3,0,0.7,C&W,2.2715890407562256,0.7649331092834473,0.1666666716337204
3,1,0.7,C&W,2.485565423965454,0.7241219282150269,0.1666666716337204
3,2,0.7,C&W,2.068779706954956,0.8078818321228027,0.1666666716337204
3,3,0.7,C&W,2.7982876300811768,0.7173416614532471,0.1666666716337204
3,4,0.7,C&W,2.3204433917999268,0.7919013500213623,0.1666666716337204
3,0,1.0,C&W,2.2715890407562256,0.7649331092834473,0.1666666716337204
3,1,1.0,C&W,2.485565423965454,0.7241219282150269,0.1666666716337204
3,2,1.0,C&W,2.068779706954956,0.8078818321228027,0.1666666716337204
3,3,1.0,C&W,2.823436975479126,0.7151639461517334,0.1666666716337204
3,4,1.0,C&W,2.3204433917999268,0.7919013500213623,0.1666666716337204
3,0,0.001,DeepFool,2.2715792655944824,0.7649314403533936,0.1666666716337204
3,1,0.001,DeepFool,2.4719462394714355,0.7253414392471313,0.1666666716337204
3,2,0.001,DeepFool,2.0687685012817383,0.8078833222389221,0.1666666716337204
3,3,0.001,DeepFool,2.7813220024108887,0.7211818695068359,0.1666666716337204
3,4,0.001,DeepFool,2.320448875427246,0.791901171207428,0.1666666716337204
3,0,0.01,DeepFool,2.2715792655944824,0.7649314403533936,0.1666666716337204
3,1,0.01,DeepFool,2.4719462394714355,0.7253414392471313,0.1666666716337204
3,2,0.01,DeepFool,2.0687685012817383,0.8078833222389221,0.1666666716337204
3,3,0.01,DeepFool,2.783501148223877,0.7212193012237549,0.1666666716337204
3,4,0.01,DeepFool,2.320448875427246,0.791901171207428,0.1666666716337204
3,0,0.05,DeepFool,2.2715792655944824,0.7649314403533936,0.1666666716337204
3,1,0.05,DeepFool,2.4719462394714355,0.7253414392471313,0.1666666716337204
3,2,0.05,DeepFool,2.0687685012817383,0.8078833222389221,0.1666666716337204
3,3,0.05,DeepFool,2.783501148223877,0.7212193012237549,0.1666666716337204
3,4,0.05,DeepFool,2.320448875427246,0.791901171207428,0.1666666716337204
3,0,0.1,DeepFool,2.2715792655944824,0.7649314403533936,0.1666666716337204
3,1,0.1,DeepFool,2.4719462394714355,0.7253414392471313,0.1666666716337204
3,2,0.1,DeepFool,2.0687685012817383,0.8078833222389221,0.1666666716337204
3,3,0.1,DeepFool,2.783501148223877,0.7212193012237549,0.1666666716337204
3,4,0.1,DeepFool,2.320448875427246,0.791901171207428,0.1666666716337204
3,0,0.3,DeepFool,2.2715792655944824,0.7649314403533936,0.1666666716337204
3,1,0.3,DeepFool,2.4719462394714355,0.7253414392471313,0.1666666716337204
3,2,0.3,DeepFool,2.0687685012817383,0.8078833222389221,0.1666666716337204
3,3,0.3,DeepFool,2.783501148223877,0.7212193012237549,0.1666666716337204
3,4,0.3,DeepFool,2.320448875427246,0.791901171207428,0.1666666716337204
3,0,0.5,DeepFool,2.2715792655944824,0.7649314403533936,0.1666666716337204
3,1,0.5,DeepFool,2.4719462394714355,0.7253414392471313,0.1666666716337204
3,2,0.5,DeepFool,2.0687685012817383,0.8078833222389221,0.1666666716337204
3,3,0.5,DeepFool,2.783501148223877,0.7212193012237549,0.1666666716337204
3,4,0.5,DeepFool,2.320448875427246,0.791901171207428,0.1666666716337204
3,0,0.7,DeepFool,2.2715792655944824,0.7649314403533936,0.1666666716337204
3,1,0.7,DeepFool,2.4719462394714355,0.7253414392471313,0.1666666716337204
3,2,0.7,DeepFool,2.0687685012817383,0.8078833222389221,0.1666666716337204
3,3,0.7,DeepFool,2.783501148223877,0.7212193012237549,0.1666666716337204
3,4,0.7,DeepFool,2.320448875427246,0.791901171207428,0.1666666716337204
3,0,1.0,DeepFool,2.2715792655944824,0.7649314403533936,0.1666666716337204
3,1,1.0,DeepFool,2.4719462394714355,0.7253414392471313,0.1666666716337204
3,2,1.0,DeepFool,2.0687685012817383,0.8078833222389221,0.1666666716337204
3,3,1.0,DeepFool,2.783501148223877,0.7212193012237549,0.1666666716337204
3,4,1.0,DeepFool,2.320448875427246,0.791901171207428,0.1666666716337204
1,N/A,N/A,Original,N/A,N/A,0.25
1,0,0.001,FGSM,1.6993869543075562,0.9121800065040588,0.0
1,1,0.001,FGSM,2.8578927516937256,0.6777565479278564,0.0
1,2,0.001,FGSM,1.9341645240783691,0.8401751518249512,0.0
1,3,0.001,FGSM,0.04318694397807121,0.9999264478683472,0.0
1,0,0.01,FGSM,1.68649160861969,0.9127720594406128,0.0
1,1,0.01,FGSM,2.8967559337615967,0.6810377836227417,0.0
1,2,0.01,FGSM,1.8997536897659302,0.8437467217445374,0.0
1,3,0.01,FGSM,0.2210199236869812,0.9982156753540039,0.0
1,0,0.05,FGSM,1.9766615629196167,0.8881601691246033,0.0
1,1,0.05,FGSM,2.861043930053711,0.6827262043952942,0.0
1,2,0.05,FGSM,2.128343343734741,0.8287245035171509,0.0
1,3,0.05,FGSM,0.7090551257133484,0.9814009070396423,0.0
1,0,0.1,FGSM,2.5368940830230713,0.8438030481338501,0.0
1,1,0.1,FGSM,3.03452205657959,0.6401790380477905,0.0
1,2,0.1,FGSM,2.3383500576019287,0.8066654801368713,0.0
1,3,0.1,FGSM,0.8728318214416504,0.9692736864089966,0.0
1,0,0.3,FGSM,2.973569393157959,0.729763925075531,0.25
1,1,0.3,FGSM,3.632462978363037,0.5940777063369751,0.25
1,2,0.3,FGSM,2.1441433429718018,0.8384979963302612,0.25
1,3,0.3,FGSM,1.4668662548065186,0.9160568714141846,0.25
1,0,0.5,FGSM,3.074213981628418,0.7040340304374695,0.25
1,1,0.5,FGSM,3.267764091491699,0.6676989793777466,0.25
1,2,0.5,FGSM,2.5726962089538574,0.8294230699539185,0.25
1,3,0.5,FGSM,2.4784610271453857,0.8504126667976379,0.25
1,0,0.7,FGSM,3.265380620956421,0.6887791752815247,0.25
1,1,0.7,FGSM,3.298119068145752,0.6518727540969849,0.25
1,2,0.7,FGSM,2.9637725353240967,0.784001886844635,0.25
1,3,0.7,FGSM,2.7860336303710938,0.8383303880691528,0.25
1,0,1.0,FGSM,3.038658857345581,0.6574838161468506,0.25
1,1,1.0,FGSM,3.012371301651001,0.6733603477478027,0.25
1,2,1.0,FGSM,2.9881131649017334,0.6970968842506409,0.25
1,3,1.0,FGSM,2.495256185531616,0.841228723526001,0.25
1,0,0.001,PGD,1.692436933517456,0.9127289652824402,0.0
1,1,0.001,PGD,2.858936071395874,0.6761825084686279,0.0
1,2,0.001,PGD,1.9186700582504272,0.8428463339805603,0.0
1,3,0.001,PGD,0.05155625939369202,0.9998931884765625,0.0
1,0,0.01,PGD,1.7199333906173706,0.9102268815040588,0.0
1,1,0.01,PGD,2.8789634704589844,0.6953705549240112,0.0
1,2,0.01,PGD,1.9410392045974731,0.8611302971839905,0.0
1,3,0.01,PGD,0.27456650137901306,0.9974218606948853,0.0
1,0,0.05,PGD,1.9990657567977905,0.8693699240684509,0.0
1,1,0.05,PGD,2.913830518722534,0.6612181663513184,0.0
1,2,0.05,PGD,2.1520352363586426,0.8629041910171509,0.0
1,3,0.05,PGD,0.7763649821281433,0.9801041483879089,0.0
1,0,0.1,PGD,2.626560926437378,0.8131035566329956,0.0
1,1,0.1,PGD,2.9367990493774414,0.6103178858757019,0.0
1,2,0.1,PGD,2.1524038314819336,0.8561017513275146,0.0
1,3,0.1,PGD,0.969760537147522,0.9615781307220459,0.0
1,0,0.3,PGD,3.834312677383423,0.39499998092651367,0.5
1,1,0.3,PGD,3.6518125534057617,0.37481796741485596,0.5
1,2,0.3,PGD,3.6279914379119873,0.4180423617362976,0.5
1,3,0.3,PGD,2.120436668395996,0.799289345741272,0.5
1,0,0.5,PGD,4.145512104034424,0.1563386768102646,0.0
1,1,0.5,PGD,3.5710062980651855,0.36686503887176514,0.0
1,2,0.5,PGD,3.686304807662964,0.2763817012310028,0.0
1,3,0.5,PGD,2.8704681396484375,0.6592706441879272,0.0
1,0,0.7,PGD,3.87335205078125,0.14119450747966766,0.25
1,1,0.7,PGD,3.719403028488159,0.33213189244270325,0.25
1,2,0.7,PGD,3.789175271987915,0.20676085352897644,0.25
1,3,0.7,PGD,3.9411563873291016,0.18140321969985962,0.25
1,0,1.0,PGD,3.786677360534668,0.1347503662109375,0.0
1,1,1.0,PGD,4.0899505615234375,0.3038487732410431,0.0
1,2,1.0,PGD,4.307293891906738,0.20338225364685059,0.0
1,3,1.0,PGD,3.284085512161255,0.445310115814209,0.0
1,0,0.001,C&W,1.7034136056900024,0.9137200713157654,0.0
1,1,0.001,C&W,2.830888509750366,0.6802068948745728,0.0
1,2,0.001,C&W,1.9296303987503052,0.8406739830970764,0.0
1,3,0.001,C&W,8.720426558284089e-05,1.0,0.0
1,0,0.01,C&W,1.7034136056900024,0.9137200713157654,0.0
1,1,0.01,C&W,2.843472480773926,0.6776326894760132,0.0
1,2,0.01,C&W,1.9296303987503052,0.8406739830970764,0.0
1,3,0.01,C&W,8.720426558284089e-05,1.0,0.0
1,0,0.05,C&W,1.7034136056900024,0.9137200713157654,0.0
1,1,0.05,C&W,2.861537218093872,0.6760380864143372,0.0
1,2,0.05,C&W,1.9296303987503052,0.8406739830970764,0.0
1,3,0.05,C&W,8.720426558284089e-05,1.0,0.0
1,0,0.1,C&W,1.7034136056900024,0.9137200713157654,0.0
1,1,0.1,C&W,2.8651363849639893,0.6793798208236694,0.0
1,2,0.1,C&W,1.9296303987503052,0.8406739830970764,0.0
1,3,0.1,C&W,8.720426558284089e-05,1.0,0.0
1,0,0.3,C&W,1.7034136056900024,0.9137200713157654,0.0
1,1,0.3,C&W,2.948775291442871,0.676877498626709,0.0
1,2,0.3,C&W,1.9296303987503052,0.8406739830970764,0.0
1,3,0.3,C&W,8.720426558284089e-05,1.0,0.0
1,0,0.5,C&W,1.7034136056900024,0.9137200713157654,0.0
1,1,0.5,C&W,2.9990546703338623,0.6536223888397217,0.0
1,2,0.5,C&W,1.9296303987503052,0.8406739830970764,0.0
1,3,0.5,C&W,8.720426558284089e-05,1.0,0.0
1,0,0.7,C&W,1.7034136056900024,0.9137200713157654,0.0
1,1,0.7,C&W,3.0298142433166504,0.6463533639907837,0.0
1,2,0.7,C&W,1.9296303987503052,0.8406739830970764,0.0
1,3,0.7,C&W,8.720426558284089e-05,1.0,0.0
1,0,1.0,C&W,1.7034136056900024,0.9137200713157654,0.0
1,1,1.0,C&W,3.0055665969848633,0.6469337940216064,0.0
1,2,1.0,C&W,1.9296303987503052,0.8406739830970764,0.0
1,3,1.0,C&W,8.720426558284089e-05,1.0,0.0
1,0,0.001,DeepFool,1.703412413597107,0.9137200117111206,0.0
1,1,0.001,DeepFool,2.862647771835327,0.6728708148002625,0.0
1,2,0.001,DeepFool,1.9296380281448364,0.8406699299812317,0.0
1,3,0.001,DeepFool,0.0,1.0,0.0
1,0,0.01,DeepFool,1.703412413597107,0.9137200117111206,0.0
1,1,0.01,DeepFool,2.824526786804199,0.6875566244125366,0.0
1,2,0.01,DeepFool,1.9296380281448364,0.8406699299812317,0.0
1,3,0.01,DeepFool,0.0,1.0,0.0
1,0,0.05,DeepFool,1.703412413597107,0.9137200117111206,0.0
1,1,0.05,DeepFool,2.824594497680664,0.7044998407363892,0.0
1,2,0.05,DeepFool,1.9296380281448364,0.8406699299812317,0.0
1,3,0.05,DeepFool,0.0,1.0,0.0
1,0,0.1,DeepFool,1.703412413597107,0.9137200117111206,0.0
1,1,0.1,DeepFool,2.824594497680664,0.7044998407363892,0.0
1,2,0.1,DeepFool,1.9296380281448364,0.8406699299812317,0.0
1,3,0.1,DeepFool,0.0,1.0,0.0
1,0,0.3,DeepFool,1.703412413597107,0.9137200117111206,0.0
1,1,0.3,DeepFool,2.824594497680664,0.7044998407363892,0.0
1,2,0.3,DeepFool,1.9296380281448364,0.8406699299812317,0.0
1,3,0.3,DeepFool,0.0,1.0,0.0
1,0,0.5,DeepFool,1.703412413597107,0.9137200117111206,0.0
1,1,0.5,DeepFool,2.824594497680664,0.7044998407363892,0.0
1,2,0.5,DeepFool,1.9296380281448364,0.8406699299812317,0.0
1,3,0.5,DeepFool,0.0,1.0,0.0
1,0,0.7,DeepFool,1.703412413597107,0.9137200117111206,0.0
1,1,0.7,DeepFool,2.824594497680664,0.7044998407363892,0.0
1,2,0.7,DeepFool,1.9296380281448364,0.8406699299812317,0.0
1,3,0.7,DeepFool,0.0,1.0,0.0
1,0,1.0,DeepFool,1.703412413597107,0.9137200117111206,0.0
1,1,1.0,DeepFool,2.8252525329589844,0.7043043971061707,0.0
1,2,1.0,DeepFool,1.9296380281448364,0.8406699299812317,0.0
1,3,1.0,DeepFool,0.0,1.0,0.0
7,N/A,N/A,Original,N/A,N/A,0.0
7,0,0.001,FGSM,2.932971477508545,0.7067599296569824,0.0
7,1,0.001,FGSM,0.05904710665345192,0.9998952746391296,0.0
7,0,0.01,FGSM,2.9701333045959473,0.7131789922714233,0.0
7,1,0.01,FGSM,0.20134402811527252,0.9987547397613525,0.0
7,0,0.05,FGSM,2.8688852787017822,0.7222219705581665,0.0
7,1,0.05,FGSM,0.46767744421958923,0.9941140413284302,0.0
7,0,0.1,FGSM,2.5855588912963867,0.7585819363594055,0.0
7,1,0.1,FGSM,1.4454716444015503,0.9762628078460693,0.0
7,0,0.3,FGSM,2.3688700199127197,0.806951105594635,0.0
7,1,0.3,FGSM,2.0571141242980957,0.8561574220657349,0.0
7,0,0.5,FGSM,2.4508914947509766,0.8158832788467407,0.0
7,1,0.5,FGSM,2.160309314727783,0.836171567440033,0.0
7,0,0.7,FGSM,2.556206464767456,0.8151012659072876,0.0
7,1,0.7,FGSM,2.1491260528564453,0.8372849225997925,0.0
7,0,1.0,FGSM,2.476421356201172,0.8064484596252441,0.0
7,1,1.0,FGSM,2.292051076889038,0.8124088048934937,0.0
7,0,0.001,PGD,2.9590723514556885,0.7102541923522949,0.0
7,1,0.001,PGD,0.06204064562916756,0.9998764991760254,0.0
7,0,0.01,PGD,2.9611809253692627,0.7188267707824707,0.0
7,1,0.01,PGD,0.22829169034957886,0.998319149017334,0.0
7,0,0.05,PGD,2.8714563846588135,0.7544357180595398,0.0
7,1,0.05,PGD,0.5137604475021362,0.9914417266845703,0.0
7,0,0.1,PGD,2.5956010818481445,0.7969712018966675,0.0
7,1,0.1,PGD,0.8872643113136292,0.9766918420791626,0.0
7,0,0.3,PGD,3.293928623199463,0.614142656326294,0.0
7,1,0.3,PGD,2.1642866134643555,0.8352149724960327,0.0
7,0,0.5,PGD,3.4357523918151855,0.5328088998794556,0.5
7,1,0.5,PGD,3.0408458709716797,0.6528927087783813,0.5
7,0,0.7,PGD,3.2880969047546387,0.5738756656646729,0.0
7,1,0.7,PGD,3.007564067840576,0.6439999341964722,0.0
7,0,1.0,PGD,3.597609758377075,0.43718135356903076,0.0
7,1,1.0,PGD,3.059568405151367,0.6278036832809448,0.0
7,0,0.001,C&W,2.953691005706787,0.7095282077789307,0.0
7,1,0.001,C&W,0.0001258853153558448,1.0,0.0
7,0,0.01,C&W,2.953691005706787,0.7095282077789307,0.0
7,1,0.01,C&W,0.0001258853153558448,1.0,0.0
7,0,0.05,C&W,2.953691005706787,0.7095282077789307,0.0
7,1,0.05,C&W,0.0001258853153558448,1.0,0.0
7,0,0.1,C&W,2.953691005706787,0.7095282077789307,0.0
7,1,0.1,C&W,0.0001258853153558448,1.0,0.0
7,0,0.3,C&W,2.953691005706787,0.7095282077789307,0.0
7,1,0.3,C&W,0.0001258853153558448,1.0,0.0
7,0,0.5,C&W,2.953691005706787,0.7095282077789307,0.0
7,1,0.5,C&W,0.0001258853153558448,1.0,0.0
7,0,0.7,C&W,2.953691005706787,0.7095282077789307,0.0
7,1,0.7,C&W,0.0001258853153558448,1.0,0.0
7,0,1.0,C&W,2.953691005706787,0.7095282077789307,0.0
7,1,1.0,C&W,0.0001258853153558448,1.0,0.0
7,0,0.001,DeepFool,2.956170082092285,0.7094001173973083,0.0
7,1,0.001,DeepFool,0.0,0.9999999403953552,0.0
7,0,0.01,DeepFool,2.956170082092285,0.7094001173973083,0.0
7,1,0.01,DeepFool,0.0,0.9999999403953552,0.0
7,0,0.05,DeepFool,2.956170082092285,0.7094001173973083,0.0
7,1,0.05,DeepFool,0.0,0.9999999403953552,0.0
7,0,0.1,DeepFool,2.956170082092285,0.7094001173973083,0.0
7,1,0.1,DeepFool,0.0,0.9999999403953552,0.0
7,0,0.3,DeepFool,2.956170082092285,0.7094001173973083,0.0
7,1,0.3,DeepFool,0.0,0.9999999403953552,0.0
7,0,0.5,DeepFool,2.956170082092285,0.7094001173973083,0.0
7,1,0.5,DeepFool,0.0,0.9999999403953552,0.0
7,0,0.7,DeepFool,2.956170082092285,0.7094001173973083,0.0
7,1,0.7,DeepFool,0.0,0.9999999403953552,0.0
7,0,1.0,DeepFool,2.956170082092285,0.7094001173973083,0.0
7,1,1.0,DeepFool,0.0,0.9999999403953552,0.0
0,N/A,N/A,Original,N/A,N/A,1.0
0,0,0.001,FGSM,2.3354294300079346,0.7553998827934265,0.0
0,1,0.001,FGSM,2.087942123413086,0.8272347450256348,0.0
0,2,0.001,FGSM,2.4933927059173584,0.7699052095413208,0.0
0,3,0.001,FGSM,2.610212564468384,0.6918500661849976,0.0
0,4,0.001,FGSM,0.124808669090271,0.9996281862258911,0.0
0,0,0.01,FGSM,2.282158851623535,0.7669508457183838,0.0
0,1,0.01,FGSM,2.024247407913208,0.8437961935997009,0.0
0,2,0.01,FGSM,2.7851364612579346,0.799134373664856,0.0
0,3,0.01,FGSM,2.2724175453186035,0.772603452205658,0.0
0,4,0.01,FGSM,0.483493834733963,0.9965552687644958,0.0
0,0,0.05,FGSM,2.2404212951660156,0.7862314581871033,0.0
0,1,0.05,FGSM,1.927471399307251,0.8734380602836609,0.0
0,2,0.05,FGSM,2.3341257572174072,0.8153074979782104,0.0
0,3,0.05,FGSM,2.1393115520477295,0.8200433254241943,0.0
0,4,0.05,FGSM,1.4468222856521606,0.9608845710754395,0.0
0,0,0.1,FGSM,2.2696378231048584,0.7893862128257751,0.20000000298023224
0,1,0.1,FGSM,1.9236761331558228,0.8467020988464355,0.20000000298023224
0,2,0.1,FGSM,2.3378751277923584,0.787269651889801,0.20000000298023224
0,3,0.1,FGSM,2.3578906059265137,0.7782325744628906,0.20000000298023224
0,4,0.1,FGSM,1.6758441925048828,0.9279133677482605,0.20000000298023224
0,0,0.3,FGSM,2.577824354171753,0.8178813457489014,0.0
0,1,0.3,FGSM,1.9913265705108643,0.8441823720932007,0.0
0,2,0.3,FGSM,2.529865026473999,0.807975172996521,0.0
0,3,0.3,FGSM,2.382702350616455,0.8286375999450684,0.0
0,4,0.3,FGSM,1.9396933317184448,0.883001446723938,0.0
0,0,0.5,FGSM,2.611246109008789,0.8173336386680603,0.20000000298023224
0,1,0.5,FGSM,2.342162847518921,0.8407268524169922,0.20000000298023224
0,2,0.5,FGSM,2.184006452560425,0.8566615581512451,0.20000000298023224
0,3,0.5,FGSM,2.255584955215454,0.8425551652908325,0.20000000298023224
0,4,0.5,FGSM,2.1563282012939453,0.848503828048706,0.20000000298023224
0,0,0.7,FGSM,2.8147878646850586,0.8421132564544678,0.20000000298023224
0,1,0.7,FGSM,2.376739978790283,0.8377906084060669,0.20000000298023224
0,2,0.7,FGSM,2.3131237030029297,0.842738151550293,0.20000000298023224
0,3,0.7,FGSM,2.2889034748077393,0.8420720100402832,0.20000000298023224
0,4,0.7,FGSM,2.5588977336883545,0.8076441884040833,0.20000000298023224
0,0,1.0,FGSM,2.4362494945526123,0.8315721750259399,0.20000000298023224
0,1,1.0,FGSM,2.5881996154785156,0.8365761041641235,0.20000000298023224
0,2,1.0,FGSM,2.6372108459472656,0.8200947642326355,0.20000000298023224
0,3,1.0,FGSM,2.342628002166748,0.8320839405059814,0.20000000298023224
0,4,1.0,FGSM,2.9060347080230713,0.7783113121986389,0.20000000298023224
0,0,0.001,PGD,2.33211088180542,0.7562595009803772,0.0
0,1,0.001,PGD,2.091921806335449,0.828071117401123,0.0
0,2,0.001,PGD,2.494908094406128,0.7702841758728027,0.0
0,3,0.001,PGD,2.614455461502075,0.6905257105827332,0.0
0,4,0.001,PGD,0.12296416610479355,0.9996334314346313,0.0
0,0,0.01,PGD,2.263838529586792,0.7707782983779907,0.0
0,1,0.01,PGD,2.024724245071411,0.8409148454666138,0.0
0,2,0.01,PGD,2.657691478729248,0.8055071830749512,0.0
0,3,0.01,PGD,2.2444047927856445,0.7847352623939514,0.0
0,4,0.01,PGD,0.5462184548377991,0.9960750341415405,0.0
0,0,0.05,PGD,2.3005728721618652,0.7637737989425659,0.20000000298023224
0,1,0.05,PGD,1.9389008283615112,0.8814696073532104,0.20000000298023224
0,2,0.05,PGD,2.8088297843933105,0.7888233065605164,0.20000000298023224
0,3,0.05,PGD,2.250065803527832,0.8238812685012817,0.20000000298023224
0,4,0.05,PGD,1.0924934148788452,0.9601033329963684,0.20000000298023224
0,0,0.1,PGD,2.3180642127990723,0.7951136827468872,0.0
0,1,0.1,PGD,1.918914556503296,0.883690595626831,0.0
0,2,0.1,PGD,2.815464973449707,0.6951526403427124,0.0
0,3,0.1,PGD,2.7848455905914307,0.6624119281768799,0.0
0,4,0.1,PGD,1.41672682762146,0.9228001236915588,0.0
0,0,0.3,PGD,2.672135829925537,0.6915469169616699,0.0
0,1,0.3,PGD,2.125171184539795,0.8003749251365662,0.0
0,2,0.3,PGD,2.6292612552642822,0.6848372220993042,0.0
0,3,0.3,PGD,3.195988655090332,0.49810394644737244,0.0
0,4,0.3,PGD,2.5041708946228027,0.7364746928215027,0.0
0,0,0.5,PGD,2.9651992321014404,0.6174824237823486,0.0
0,1,0.5,PGD,2.537386655807495,0.7111670970916748,0.0
0,2,0.5,PGD,3.0736963748931885,0.6039844751358032,0.0
0,3,0.5,PGD,3.2334086894989014,0.5969737768173218,0.0
0,4,0.5,PGD,2.776106834411621,0.6365429759025574,0.0
0,0,0.7,PGD,2.923032283782959,0.5842694640159607,0.4000000059604645
0,1,0.7,PGD,3.3179659843444824,0.44380348920822144,0.4000000059604645
0,2,0.7,PGD,2.870448589324951,0.6646041870117188,0.4000000059604645
0,3,0.7,PGD,3.1103014945983887,0.5871793627738953,0.4000000059604645
0,4,0.7,PGD,3.128617286682129,0.5500376224517822,0.4000000059604645
0,0,1.0,PGD,2.639425754547119,0.6742682456970215,0.20000000298023224
0,1,1.0,PGD,3.3907482624053955,0.48649880290031433,0.20000000298023224
0,2,1.0,PGD,2.423827648162842,0.7858803272247314,0.20000000298023224
0,3,1.0,PGD,2.674182176589966,0.7284729480743408,0.20000000298023224
0,4,1.0,PGD,3.246096611022949,0.5385663509368896,0.20000000298023224
0,0,0.001,C&W,2.358450412750244,0.7495613098144531,0.0
0,1,0.001,C&W,2.1437649726867676,0.8186987638473511,0.0
0,2,0.001,C&W,2.508888006210327,0.7370511293411255,0.0
0,3,0.001,C&W,2.6456892490386963,0.6835181713104248,0.0
0,4,0.001,C&W,0.0005926223238930106,1.0,0.0
0,0,0.01,C&W,2.3576765060424805,0.7497928142547607,0.0
0,1,0.01,C&W,2.104088068008423,0.8254460096359253,0.0
0,2,0.01,C&W,2.5086019039154053,0.7366381883621216,0.0
0,3,0.01,C&W,2.65283203125,0.6780660152435303,0.0
0,4,0.01,C&W,0.09561162441968918,0.9997179508209229,0.0
0,0,0.05,C&W,2.3458616733551025,0.7529205083847046,0.0
0,1,0.05,C&W,2.079099178314209,0.8276127576828003,0.0
0,2,0.05,C&W,2.5204999446868896,0.7877546548843384,0.0
0,3,0.05,C&W,2.561110496520996,0.7014641761779785,0.0
0,4,0.05,C&W,0.25776246190071106,0.9988224506378174,0.0
0,0,0.1,C&W,2.304706573486328,0.7611284852027893,0.0
0,1,0.1,C&W,2.074760913848877,0.8281688094139099,0.0
0,2,0.1,C&W,2.5289814472198486,0.7947310209274292,0.0
0,3,0.1,C&W,2.437391519546509,0.7319534420967102,0.0
0,4,0.1,C&W,0.3470785915851593,0.9979087114334106,0.0
0,0,0.3,C&W,2.2200140953063965,0.78092360496521,0.0
0,1,0.3,C&W,2.0760138034820557,0.8324001431465149,0.0
0,2,0.3,C&W,2.6034328937530518,0.82779860496521,0.0
0,3,0.3,C&W,2.2913637161254883,0.7763010263442993,0.0
0,4,0.3,C&W,0.773654580116272,0.9905900955200195,0.0
0,0,0.5,C&W,2.2322275638580322,0.7777527570724487,0.0
0,1,0.5,C&W,2.066220760345459,0.8309810161590576,0.0
0,2,0.5,C&W,2.6376867294311523,0.8446495532989502,0.0
0,3,0.5,C&W,2.159665822982788,0.8185346722602844,0.0
0,4,0.5,C&W,1.160226583480835,0.98304283618927,0.0
0,0,0.7,C&W,2.2421014308929443,0.7750614285469055,0.0
0,1,0.7,C&W,2.044464111328125,0.8370571732521057,0.0
0,2,0.7,C&W,2.612489700317383,0.8510695695877075,0.0
0,3,0.7,C&W,2.0948126316070557,0.829836368560791,0.0
0,4,0.7,C&W,1.1618849039077759,0.9749429225921631,0.0
0,0,1.0,C&W,2.231015682220459,0.7781583070755005,0.20000000298023224
0,1,1.0,C&W,2.031885862350464,0.8386911749839783,0.20000000298023224
0,2,1.0,C&W,2.638662576675415,0.8440468311309814,0.20000000298023224
0,3,1.0,C&W,2.0297369956970215,0.8496407270431519,0.20000000298023224
0,4,1.0,C&W,1.1056791543960571,0.9721523523330688,0.20000000298023224
0,0,0.001,DeepFool,2.3378348350524902,0.7548156976699829,0.0
0,1,0.001,DeepFool,2.087942123413086,0.8272347450256348,0.0
0,2,0.001,DeepFool,2.491950750350952,0.7663909196853638,0.0
0,3,0.001,DeepFool,2.624140501022339,0.6848568320274353,0.0
0,4,0.001,DeepFool,0.12584741413593292,0.9996246695518494,0.0
0,0,0.01,DeepFool,2.281423568725586,0.7665525674819946,0.0
0,1,0.01,DeepFool,2.0263514518737793,0.8430469036102295,0.0
0,2,0.01,DeepFool,2.854118585586548,0.7971928119659424,0.0
0,3,0.01,DeepFool,2.227104902267456,0.7872824668884277,0.0
0,4,0.01,DeepFool,0.6071673631668091,0.9954689741134644,0.0
0,0,0.05,DeepFool,2.26658034324646,0.7695571184158325,0.20000000298023224
0,1,0.05,DeepFool,2.0263514518737793,0.8430469036102295,0.20000000298023224
0,2,0.05,DeepFool,2.695525884628296,0.7935435175895691,0.20000000298023224
0,3,0.05,DeepFool,2.07576847076416,0.8318977355957031,0.20000000298023224
0,4,0.05,DeepFool,1.1062519550323486,0.9691295027732849,0.20000000298023224
0,0,0.1,DeepFool,2.26658034324646,0.7695571184158325,0.20000000298023224
0,1,0.1,DeepFool,2.0263514518737793,0.8430469036102295,0.20000000298023224
0,2,0.1,DeepFool,2.695525884628296,0.7935435175895691,0.20000000298023224
0,3,0.1,DeepFool,2.07576847076416,0.8318977355957031,0.20000000298023224
0,4,0.1,DeepFool,1.1062519550323486,0.9691295027732849,0.20000000298023224
0,0,0.3,DeepFool,2.26658034324646,0.7695571184158325,0.20000000298023224
0,1,0.3,DeepFool,2.0263514518737793,0.8430469036102295,0.20000000298023224
0,2,0.3,DeepFool,2.695525884628296,0.7935435175895691,0.20000000298023224
0,3,0.3,DeepFool,2.07576847076416,0.8318977355957031,0.20000000298023224
0,4,0.3,DeepFool,1.1062519550323486,0.9691295027732849,0.20000000298023224
0,0,0.5,DeepFool,2.26658034324646,0.7695571184158325,0.20000000298023224
0,1,0.5,DeepFool,2.0263514518737793,0.8430469036102295,0.20000000298023224
0,2,0.5,DeepFool,2.695525884628296,0.7935435175895691,0.20000000298023224
0,3,0.5,DeepFool,2.07576847076416,0.8318977355957031,0.20000000298023224
0,4,0.5,DeepFool,1.1062519550323486,0.9691295027732849,0.20000000298023224
0,0,0.7,DeepFool,2.26658034324646,0.7695571184158325,0.20000000298023224
0,1,0.7,DeepFool,2.0263514518737793,0.8430469036102295,0.20000000298023224
0,2,0.7,DeepFool,2.695525884628296,0.7935435175895691,0.20000000298023224
0,3,0.7,DeepFool,2.07576847076416,0.8318977355957031,0.20000000298023224
0,4,0.7,DeepFool,1.1062519550323486,0.9691295027732849,0.20000000298023224
0,0,1.0,DeepFool,2.26658034324646,0.7695571184158325,0.20000000298023224
0,1,1.0,DeepFool,2.0263514518737793,0.8430469036102295,0.20000000298023224
0,2,1.0,DeepFool,2.695525884628296,0.7935435175895691,0.20000000298023224
0,3,1.0,DeepFool,2.07576847076416,0.8318977355957031,0.20000000298023224
0,4,1.0,DeepFool,1.1062519550323486,0.9691295027732849,0.20000000298023224
